
-- MySQL dump 10.13  Distrib 5.7.17, for Linux (i686)
--
-- Host: localhost    Database: training_log
-- ------------------------------------------------------
-- Server version	5.7.17-0ubuntu0.16.10.1

/*!40101 SET @OLD_CHARACTER_SET_CLIENT=@@CHARACTER_SET_CLIENT */;
/*!40101 SET @OLD_CHARACTER_SET_RESULTS=@@CHARACTER_SET_RESULTS */;
/*!40101 SET @OLD_COLLATION_CONNECTION=@@COLLATION_CONNECTION */;
/*!40101 SET NAMES utf8 */;
/*!40103 SET @OLD_TIME_ZONE=@@TIME_ZONE */;
/*!40103 SET TIME_ZONE='+00:00' */;
/*!40014 SET @OLD_UNIQUE_CHECKS=@@UNIQUE_CHECKS, UNIQUE_CHECKS=0 */;
/*!40014 SET @OLD_FOREIGN_KEY_CHECKS=@@FOREIGN_KEY_CHECKS, FOREIGN_KEY_CHECKS=0 */;
/*!40101 SET @OLD_SQL_MODE=@@SQL_MODE, SQL_MODE='NO_AUTO_VALUE_ON_ZERO' */;
/*!40111 SET @OLD_SQL_NOTES=@@SQL_NOTES, SQL_NOTES=0 */;

--
-- Table structure for table `activities`
--
USE training_log;

DROP TABLE IF EXISTS `activities`;
/*!40101 SET @saved_cs_client     = @@character_set_client */;
/*!40101 SET character_set_client = utf8 */;
CREATE TABLE `activities` (
  `activity_id` int(11) NOT NULL AUTO_INCREMENT,
  `activity_date` date NOT NULL,
  `activity_type_id` int(11) NOT NULL,
  PRIMARY KEY (`activity_id`),
  KEY `fk_activities_activity_types_idx` (`activity_type_id`),
  CONSTRAINT `fk_activities_activity_types` FOREIGN KEY (`activity_type_id`) REFERENCES `activity_types` (`activity_type_id`)
) ENGINE=InnoDB AUTO_INCREMENT=1176 DEFAULT CHARSET=utf8;
/*!40101 SET character_set_client = @saved_cs_client */;

--
-- Dumping data for table `activities`
--

LOCK TABLES `activities` WRITE;
/*!40000 ALTER TABLE `activities` DISABLE KEYS */;
INSERT INTO `activities` VALUES (1,'2010-11-15',2),(2,'2010-11-16',2),(3,'2010-11-17',2),(4,'2010-11-18',2),(5,'2010-11-19',2),(6,'2010-11-20',2),(7,'2010-11-22',2),(8,'2010-11-29',2),(9,'2010-11-30',2),(10,'2010-12-01',2),(11,'2010-12-04',2),(12,'2010-12-06',2),(13,'2010-12-07',2),(14,'2010-12-08',2),(15,'2010-12-09',2),(16,'2010-12-10',2),(17,'2010-12-13',2),(18,'2010-12-14',2),(19,'2010-12-15',2),(20,'2010-12-16',2),(21,'2010-12-17',2),(22,'2010-12-18',2),(23,'2010-12-20',2),(24,'2010-12-21',2),(25,'2010-12-22',2),(26,'2010-12-27',2),(27,'2011-01-07',2),(28,'2011-01-08',2),(29,'2011-01-10',2),(30,'2011-01-11',2),(31,'2011-01-12',2),(32,'2011-01-13',2),(33,'2011-01-14',2),(34,'2011-01-17',2),(35,'2011-01-18',2),(36,'2011-01-19',2),(37,'2011-01-20',2),(38,'2011-01-21',2),(39,'2011-01-22',2),(40,'2011-01-24',2),(41,'2011-01-25',2),(42,'2011-01-26',2),(43,'2011-01-27',2),(44,'2011-01-29',2),(45,'2011-01-30',2),(46,'2011-02-01',2),(47,'2011-02-04',2),(48,'2011-02-05',2),(49,'2011-02-06',2),(50,'2011-02-07',2),(51,'2011-02-08',2),(52,'2011-02-09',2),(53,'2011-02-10',2),(54,'2011-02-11',2),(55,'2011-02-12',2),(56,'2011-02-13',2),(57,'2011-02-14',2),(58,'2011-02-15',2),(59,'2011-02-16',2),(60,'2011-02-17',2),(61,'2011-02-18',2),(62,'2011-02-19',2),(63,'2011-02-20',2),(64,'2011-02-21',2),(65,'2011-02-22',2),(66,'2011-02-23',2),(67,'2011-03-01',2),(68,'2011-03-02',2),(69,'2011-03-03',2),(70,'2011-03-04',2),(71,'2011-03-05',2),(72,'2011-03-06',2),(73,'2011-03-07',2),(74,'2011-03-08',2),(75,'2011-03-09',2),(76,'2011-03-10',2),(77,'2011-03-11',2),(78,'2011-03-12',2),(79,'2011-03-13',2),(80,'2011-03-14',2),(81,'2011-03-15',2),(82,'2011-03-16',2),(83,'2011-03-17',2),(84,'2011-03-18',2),(85,'2011-03-19',2),(86,'2011-03-20',2),(87,'2011-03-21',2),(88,'2011-03-22',2),(89,'2011-03-23',2),(90,'2011-03-24',2),(91,'2011-03-25',2),(92,'2011-03-27',2),(93,'2011-03-28',2),(94,'2011-03-30',2),(95,'2011-03-31',2),(96,'2011-04-01',2),(97,'2011-04-02',2),(98,'2011-04-03',2),(99,'2011-04-04',2),(100,'2011-04-05',2),(101,'2011-04-06',2),(102,'2011-04-07',2),(103,'2011-04-08',2),(104,'2011-04-11',2),(105,'2011-04-12',2),(106,'2011-04-13',2),(107,'2011-04-14',2),(108,'2011-04-15',2),(109,'2011-04-16',2),(110,'2011-04-18',2),(111,'2011-04-19',2),(112,'2011-04-20',2),(113,'2011-04-21',2),(114,'2011-04-22',2),(115,'2011-04-25',2),(116,'2011-04-26',2),(117,'2011-04-27',2),(118,'2011-04-28',2),(119,'2011-04-29',2),(120,'2011-05-01',2),(121,'2011-05-02',2),(122,'2011-05-03',2),(123,'2011-05-04',2),(124,'2011-05-05',2),(125,'2011-05-06',2),(126,'2011-05-07',2),(127,'2011-05-08',2),(128,'2011-05-09',2),(129,'2011-05-10',2),(130,'2011-05-11',2),(131,'2011-05-12',2),(132,'2011-05-13',2),(133,'2011-05-14',2),(134,'2011-05-16',2),(135,'2011-05-17',2),(136,'2011-05-18',2),(137,'2011-05-23',2),(138,'2011-05-24',2),(139,'2011-05-25',2),(140,'2011-05-26',2),(141,'2011-05-27',2),(142,'2011-05-29',2),(143,'2011-05-31',2),(144,'2011-06-01',2),(145,'2011-06-02',2),(146,'2011-06-03',2),(147,'2011-06-06',2),(148,'2011-06-07',2),(149,'2011-06-08',2),(150,'2011-06-09',2),(151,'2011-06-13',2),(152,'2011-06-14',2),(153,'2011-06-16',2),(154,'2011-06-20',2),(155,'2011-06-21',2),(156,'2011-06-22',2),(157,'2011-06-23',2),(158,'2011-06-24',2),(159,'2011-06-25',2),(160,'2011-06-27',2),(161,'2011-06-28',2),(162,'2011-06-29',2),(163,'2011-06-30',2),(164,'2011-07-01',2),(165,'2011-07-02',2),(166,'2011-07-03',2),(167,'2011-07-04',2),(168,'2011-07-05',2),(169,'2011-07-06',2),(170,'2011-07-07',2),(171,'2011-07-08',2),(172,'2011-07-09',2),(173,'2011-07-10',2),(174,'2011-07-11',2),(175,'2011-07-12',2),(176,'2011-07-13',2),(177,'2011-07-14',2),(178,'2011-07-15',2),(179,'2011-07-18',2),(180,'2011-07-19',2),(181,'2011-07-20',2),(182,'2011-07-21',2),(183,'2011-07-22',2),(184,'2011-07-23',2),(185,'2011-07-24',2),(186,'2011-07-25',2),(187,'2011-07-26',2),(188,'2011-08-02',2),(189,'2011-08-03',2),(190,'2011-08-04',2),(191,'2011-08-05',2),(192,'2011-08-07',2),(193,'2011-08-08',2),(194,'2011-08-09',2),(195,'2011-08-10',2),(196,'2011-08-11',2),(197,'2011-08-12',2),(198,'2011-08-13',2),(199,'2011-08-15',2),(200,'2011-08-16',2),(201,'2011-08-17',2),(202,'2011-08-18',2),(203,'2011-08-19',2),(204,'2011-08-20',2),(205,'2011-08-21',2),(206,'2011-08-22',2),(207,'2011-08-23',2),(208,'2011-08-24',2),(209,'2011-08-25',2),(210,'2011-08-26',2),(211,'2011-08-27',2),(212,'2011-08-28',2),(213,'2011-08-29',2),(214,'2011-08-30',2),(215,'2011-08-31',2),(216,'2011-09-01',2),(217,'2011-09-02',2),(218,'2011-09-03',2),(219,'2011-09-06',2),(220,'2011-09-07',2),(221,'2011-09-08',2),(222,'2011-09-09',2),(223,'2011-09-10',2),(224,'2011-09-12',2),(225,'2011-09-13',2),(226,'2011-09-14',2),(227,'2011-09-15',2),(228,'2011-09-16',2),(229,'2011-09-17',2),(230,'2011-09-19',2),(231,'2011-09-20',2),(232,'2011-09-21',2),(233,'2011-09-22',2),(234,'2011-09-23',2),(235,'2011-09-26',2),(236,'2011-09-27',2),(237,'2011-09-28',2),(238,'2011-09-29',2),(239,'2011-09-30',2),(240,'2011-10-01',2),(241,'2011-10-03',2),(242,'2011-10-04',2),(243,'2011-10-05',2),(244,'2011-10-06',2),(245,'2011-10-07',2),(246,'2011-10-10',2),(247,'2011-10-11',2),(248,'2011-10-12',2),(249,'2011-10-13',2),(250,'2011-10-14',2),(251,'2011-10-15',2),(252,'2011-10-16',2),(253,'2011-10-17',2),(254,'2011-10-18',2),(255,'2011-10-19',2),(256,'2011-10-20',2),(257,'2011-10-21',2),(258,'2011-10-22',2),(259,'2011-10-24',2),(260,'2011-10-25',2),(261,'2011-10-26',2),(262,'2011-10-27',2),(263,'2011-10-28',2),(264,'2011-10-29',2),(265,'2011-10-30',2),(266,'2011-10-31',2),(267,'2011-11-01',2),(268,'2011-11-02',2),(269,'2011-11-03',2),(270,'2011-11-04',2),(271,'2011-11-07',2),(272,'2011-11-08',2),(273,'2011-11-09',2),(274,'2011-11-10',2),(275,'2011-11-11',2),(276,'2011-11-13',2),(277,'2011-11-14',2),(278,'2011-11-15',2),(279,'2011-11-16',2),(280,'2011-11-17',2),(281,'2011-11-18',2),(282,'2011-11-19',2),(283,'2011-11-21',2),(284,'2011-11-22',2),(285,'2011-11-28',2),(286,'2011-11-29',2),(287,'2011-11-30',2),(288,'2011-12-01',2),(289,'2011-12-02',2),(290,'2011-12-03',2),(291,'2011-12-04',2),(292,'2011-12-05',2),(293,'2011-12-07',2),(294,'2011-12-08',2),(295,'2011-12-09',2),(296,'2011-12-12',2),(297,'2011-12-13',2),(298,'2011-12-14',2),(299,'2011-12-15',2),(300,'2011-12-16',2),(301,'2011-12-19',2),(302,'2011-12-20',2),(303,'2011-12-21',2),(304,'2011-12-22',2),(305,'2011-12-23',2),(306,'2011-12-27',2),(307,'2011-12-28',2),(308,'2011-12-30',2),(309,'2012-01-01',2),(310,'2012-01-02',2),(311,'2012-01-03',2),(312,'2012-01-04',2),(313,'2012-01-08',2),(314,'2012-01-09',2),(315,'2012-01-10',2),(316,'2012-01-11',2),(317,'2012-01-12',2),(318,'2012-01-13',2),(319,'2012-01-14',2),(320,'2012-01-16',2),(321,'2012-01-20',2),(322,'2012-01-23',2),(323,'2012-01-24',2),(324,'2012-01-25',2),(325,'2012-01-26',2),(326,'2012-01-31',2),(327,'2012-01-30',2),(328,'2012-02-01',2),(329,'2012-02-02',2),(330,'2012-02-03',2),(331,'2012-02-04',2),(332,'2012-02-05',2),(333,'2012-02-06',2),(334,'2012-02-07',2),(335,'2012-02-08',2),(336,'2012-02-09',2),(337,'2012-02-10',2),(338,'2012-02-13',2),(339,'2012-02-14',2),(340,'2012-02-15',2),(342,'2012-02-16',2),(343,'2012-02-17',2),(344,'2012-02-18',2),(345,'2012-02-19',2),(346,'2012-02-20',2),(347,'2012-02-21',2),(348,'2012-02-22',2),(349,'2012-02-23',2),(350,'2012-02-24',2),(351,'2012-02-25',2),(353,'2012-02-25',2),(354,'2012-02-26',2),(355,'2012-02-27',2),(356,'2012-02-28',2),(357,'2012-02-29',2),(358,'2012-03-01',2),(359,'2012-03-02',2),(360,'2012-03-03',2),(361,'2012-03-05',2),(362,'2012-03-06',2),(363,'2012-03-07',2),(364,'2012-03-08',2),(365,'2012-03-09',2),(366,'2012-03-12',2),(367,'2012-03-13',2),(368,'2012-03-14',2),(369,'2012-03-15',2),(370,'2012-03-16',2),(371,'2012-03-19',2),(372,'2012-03-23',2),(373,'2012-03-24',2),(374,'2012-03-25',2),(375,'2012-03-26',2),(376,'2012-03-27',2),(377,'2012-03-28',2),(378,'2012-03-29',2),(379,'2012-03-30',2),(380,'2012-03-31',2),(381,'2012-04-01',2),(382,'2012-04-01',2),(384,'2012-04-02',2),(385,'2012-04-03',2),(386,'2012-04-04',2),(387,'2012-04-05',2),(388,'2012-04-06',2),(389,'2012-04-07',2),(390,'2012-04-09',2),(391,'2012-04-10',2),(392,'2012-04-11',2),(393,'2012-04-12',2),(394,'2012-04-13',2),(395,'2012-04-14',2),(396,'2012-04-15',2),(397,'2012-04-16',2),(398,'2012-04-17',2),(399,'2012-04-22',2),(400,'2012-04-22',2),(401,'2012-04-18',2),(402,'2012-04-19',2),(403,'2012-04-23',2),(404,'2012-04-24',2),(405,'2012-04-25',2),(406,'2012-04-26',2),(407,'2012-04-27',2),(408,'2012-04-29',2),(409,'2012-04-30',2),(410,'2012-05-02',2),(411,'2012-05-01',2),(412,'2012-05-04',2),(413,'2012-05-03',2),(414,'2012-05-05',2),(415,'2012-05-06',2),(416,'2012-05-08',2),(417,'2012-05-07',2),(418,'2012-05-09',2),(419,'2012-05-10',2),(420,'2012-05-11',2),(421,'2012-05-12',2),(422,'2012-05-12',2),(423,'2012-05-13',2),(424,'2012-05-18',2),(425,'2012-05-17',2),(426,'2012-05-16',2),(427,'2012-05-14',2),(428,'2012-05-15',2),(429,'2012-05-21',2),(430,'2012-05-20',2),(431,'2012-05-23',2),(432,'2012-05-24',2),(433,'2012-05-26',2),(434,'2012-05-27',2),(435,'2012-05-29',2),(436,'2012-05-30',2),(437,'2012-05-31',2),(438,'2012-06-02',2),(439,'2012-06-03',2),(440,'2012-06-04',2),(441,'2012-06-05',2),(442,'2012-06-06',2),(443,'2012-06-07',2),(444,'2012-06-08',2),(445,'2012-06-09',2),(446,'2012-06-10',2),(447,'2012-06-11',2),(448,'2012-06-12',2),(449,'2012-06-13',2),(450,'2012-06-14',2),(451,'2012-06-15',2),(452,'2012-06-16',2),(453,'2012-06-18',2),(454,'2012-06-19',2),(455,'2012-06-20',2),(456,'2012-06-21',2),(457,'2012-06-22',2),(458,'2012-06-23',2),(459,'2012-06-25',2),(460,'2012-06-26',2),(461,'2012-06-27',2),(462,'2012-06-28',2),(463,'2012-06-29',2),(464,'2012-07-01',2),(465,'2012-07-02',2),(466,'2012-07-03',2),(467,'2012-07-04',2),(468,'2012-07-05',2),(469,'2012-07-04',2),(470,'2012-07-06',2),(471,'2012-07-07',2),(472,'2012-07-08',2),(473,'2012-07-09',2),(474,'2012-07-10',2),(475,'2012-07-11',2),(476,'2012-07-12',2),(477,'2012-07-13',2),(478,'2012-07-14',2),(479,'2012-07-15',2),(480,'2012-07-16',2),(481,'2012-07-17',2),(482,'2012-07-18',2),(483,'2012-07-20',2),(484,'2012-07-19',2),(485,'2012-07-24',2),(486,'2012-07-25',2),(487,'2012-07-27',2),(488,'2012-07-26',2),(489,'2012-07-28',2),(490,'2012-07-30',2),(491,'2012-08-01',2),(492,'2012-07-31',2),(493,'2012-08-02',2),(494,'2012-08-07',2),(495,'2012-08-08',2),(496,'2012-08-09',2),(497,'2012-08-11',2),(498,'2012-08-10',2),(499,'2012-08-13',2),(500,'2012-08-14',2),(501,'2012-08-15',2),(502,'2012-08-16',2),(503,'2012-08-17',2),(504,'2012-08-18',2),(505,'2012-08-20',2),(506,'2012-08-21',2),(507,'2012-08-22',2),(508,'2012-08-23',2),(509,'2012-08-24',2),(510,'2012-08-25',2),(511,'2012-08-27',2),(512,'2012-08-28',2),(513,'2012-08-29',2),(514,'2012-08-30',2),(515,'2012-09-01',2),(516,'2012-08-31',2),(517,'2012-09-04',2),(518,'2012-09-05',2),(519,'2012-09-12',2),(520,'2012-09-11',2),(521,'2012-09-10',2),(522,'2012-09-14',2),(523,'2012-09-13',2),(524,'2012-09-15',2),(525,'2012-09-17',2),(526,'2012-09-18',2),(527,'2012-09-19',2),(528,'2012-09-20',2),(529,'2012-09-21',2),(530,'2012-09-23',2),(531,'2012-09-24',2),(532,'2012-09-27',2),(533,'2012-09-26',2),(534,'2012-09-25',2),(535,'2012-10-08',2),(536,'2012-10-17',2),(537,'2012-10-16',2),(538,'2012-10-15',2),(539,'2012-10-12',2),(540,'2012-10-11',2),(541,'2012-10-09',2),(542,'2012-10-19',2),(543,'2012-10-18',2),(544,'2012-10-22',2),(545,'2012-10-24',2),(546,'2012-10-23',2),(547,'2012-10-25',2),(548,'2012-10-27',2),(549,'2012-10-26',2),(550,'2012-10-30',2),(551,'2012-10-29',2),(552,'2012-11-02',2),(553,'2012-11-01',2),(554,'2012-11-09',2),(555,'2012-11-08',2),(556,'2012-11-07',2),(557,'2012-11-06',2),(558,'2012-11-05',2),(559,'2012-11-12',2),(560,'2012-11-13',2),(561,'2012-11-14',2),(562,'2012-11-19',2),(563,'2012-11-26',2),(564,'2012-11-27',2),(565,'2012-12-05',2),(566,'2012-12-04',2),(567,'2012-12-03',2),(568,'2012-12-07',2),(569,'2012-12-06',2),(570,'2012-12-09',2),(571,'2012-12-12',2),(572,'2012-12-11',2),(573,'2012-12-10',2),(574,'2012-12-16',2),(575,'2012-12-17',2),(576,'2013-01-03',2),(577,'2012-12-28',2),(578,'2012-12-27',2),(579,'2012-12-26',2),(580,'2012-12-19',2),(581,'2013-01-07',2),(582,'2013-01-04',2),(583,'2013-01-08',2),(584,'2013-01-14',2),(585,'2013-01-09',2),(586,'2013-01-12',2),(587,'2013-01-15',2),(588,'2013-01-22',2),(589,'2013-01-23',2),(590,'2013-01-28',2),(591,'2013-01-25',2),(592,'2013-01-24',2),(593,'2013-01-30',2),(594,'2013-01-29',2),(595,'2013-01-31',2),(596,'2013-02-14',2),(597,'2013-02-13',2),(598,'2013-02-11',2),(599,'2013-02-08',2),(600,'2013-02-06',2),(601,'2013-02-04',2),(602,'2013-02-17',2),(603,'2013-02-18',2),(604,'2013-02-20',2),(605,'2013-02-25',2),(606,'2013-02-27',2),(607,'2013-03-01',2),(608,'2013-03-02',2),(609,'2013-03-10',2),(610,'2013-03-09',2),(611,'2013-03-08',2),(612,'2013-03-05',2),(613,'2013-03-04',2),(614,'2013-03-03',2),(615,'2013-03-12',2),(616,'2013-03-15',2),(617,'2013-03-13',2),(618,'2013-03-20',2),(620,'2013-03-19',2),(622,'2013-03-18',2),(623,'2013-03-17',2),(624,'2013-03-21',2),(625,'2013-03-28',2),(626,'2013-03-27',2),(627,'2013-03-25',2),(628,'2013-03-30',2),(629,'2013-03-29',2),(632,'2013-04-02',2),(633,'2013-04-03',2),(634,'2013-04-01',2),(635,'2013-03-31',2),(636,'2013-03-31',2),(637,'2013-04-06',2),(638,'2013-04-08',2),(639,'2013-04-07',2),(641,'2013-04-05',2),(642,'2013-04-04',2),(643,'2013-04-09',2),(644,'2013-04-10',2),(645,'2013-04-12',2),(646,'2013-04-11',2),(647,'2013-04-15',2),(648,'2013-04-16',2),(649,'2013-04-17',2),(650,'2013-04-18',2),(651,'2013-04-22',2),(652,'2013-04-20',2),(653,'2013-04-19',2),(654,'2013-04-26',2),(655,'2013-04-24',2),(656,'2013-05-02',2),(657,'2013-04-28',2),(658,'2013-04-29',2),(659,'2013-04-30',2),(660,'2013-05-01',2),(661,'2013-05-03',2),(662,'2013-05-04',2),(663,'2013-05-05',2),(664,'2013-05-06',2),(665,'2013-05-12',2),(666,'2013-05-20',2),(667,'2013-05-19',2),(668,'2013-05-16',2),(669,'2013-05-15',2),(670,'2013-05-14',2),(671,'2013-05-13',2),(672,'2013-05-08',2),(673,'2013-05-10',2),(674,'2013-06-03',2),(675,'2013-06-02',2),(676,'2013-06-01',2),(677,'2013-05-31',2),(678,'2013-05-29',2),(679,'2013-05-24',2),(680,'2013-05-23',2),(681,'2013-05-22',2),(682,'2013-06-04',2),(683,'2013-06-11',2),(684,'2013-06-10',2),(685,'2013-06-06',2),(686,'2013-06-05',2),(687,'2013-06-13',2),(688,'2013-06-12',2),(689,'2013-06-14',2),(690,'2013-06-17',2),(691,'2013-06-16',2),(692,'2013-06-15',2),(693,'2013-06-15',2),(694,'2013-06-21',2),(695,'2013-06-18',2),(696,'2013-06-19',2),(697,'2013-06-22',2),(698,'2013-06-26',2),(699,'2013-06-25',2),(700,'2013-06-24',2),(701,'2013-07-01',2),(702,'2013-06-27',2),(703,'2013-06-28',2),(704,'2013-06-29',2),(705,'2013-07-03',2),(706,'2013-07-04',2),(707,'2013-07-05',2),(708,'2013-07-06',2),(709,'2013-07-10',2),(710,'2013-07-11',2),(711,'2013-07-12',2),(712,'2013-07-13',2),(713,'2013-07-16',2),(714,'2013-07-17',2),(715,'2013-07-18',2),(716,'2013-07-23',2),(717,'2013-07-29',2),(718,'2013-07-24',2),(719,'2013-08-01',2),(720,'2013-07-31',2),(721,'2013-07-30',2),(722,'2013-08-02',2),(723,'2013-08-04',2),(724,'2013-08-03',2),(725,'2013-08-10',2),(726,'2013-08-09',2),(727,'2013-08-08',2),(728,'2013-08-06',2),(729,'2013-08-05',2),(730,'2013-08-07',2),(731,'2013-08-12',2),(732,'2013-08-11',2),(733,'2013-08-21',2),(734,'2013-08-17',2),(735,'2013-08-16',2),(736,'2013-08-15',2),(737,'2013-08-13',2),(738,'2013-08-14',2),(739,'2013-08-24',2),(740,'2013-08-23',2),(741,'2013-08-22',2),(745,'2013-09-25',2),(746,'2013-09-24',2),(747,'2013-09-23',2),(748,'2013-08-26',2),(749,'2013-08-27',2),(750,'2013-08-28',2),(751,'2013-08-29',2),(752,'2013-08-30',2),(753,'2013-09-02',2),(754,'2013-09-03',2),(755,'2013-09-04',2),(756,'2013-09-05',2),(757,'2013-09-07',2),(758,'2013-09-08',2),(759,'2013-09-11',2),(760,'2013-09-12',2),(761,'2013-09-16',2),(762,'2013-09-17',2),(763,'2013-09-18',2),(764,'2013-10-03',2),(765,'2013-10-08',2),(766,'2013-10-07',2),(767,'2013-10-05',2),(768,'2013-10-04',2),(769,'2013-10-15',2),(770,'2013-10-14',2),(771,'2013-10-11',2),(772,'2013-10-10',2),(773,'2013-10-09',2),(774,'2013-10-16',2),(775,'2013-11-05',2),(776,'2013-10-31',2),(777,'2013-10-30',2),(778,'2013-10-29',2),(779,'2013-11-06',2),(780,'2013-11-16',2),(781,'2013-11-15',2),(782,'2013-11-13',2),(783,'2013-11-12',2),(784,'2013-11-11',2),(785,'2013-11-10',2),(786,'2013-11-09',2),(787,'2013-11-08',2),(788,'2013-11-23',2),(789,'2013-11-22',2),(790,'2013-11-21',2),(791,'2013-11-20',2),(792,'2013-11-19',2),(793,'2013-12-03',2),(794,'2013-12-02',2),(795,'2013-12-05',2),(796,'2013-12-04',2),(797,'2013-12-10',2),(798,'2013-12-18',2),(799,'2013-12-17',2),(800,'2013-12-16',2),(801,'2013-12-26',2),(802,'2014-01-03',2),(803,'2014-01-02',2),(804,'2014-01-05',2),(805,'2014-01-04',2),(806,'2014-01-08',2),(807,'2014-01-07',2),(808,'2014-01-06',2),(809,'2014-01-09',2),(810,'2014-01-13',2),(811,'2014-01-14',2),(812,'2014-01-16',2),(813,'2014-01-15',2),(814,'2014-01-15',2),(815,'2014-01-17',2),(816,'2014-01-19',2),(817,'2014-01-22',2),(818,'2014-01-21',2),(819,'2014-01-23',2),(820,'2014-01-24',2),(821,'2014-01-26',2),(822,'2014-01-28',2),(823,'2014-01-30',2),(824,'2014-02-01',2),(825,'2014-02-02',2),(826,'2014-02-06',2),(827,'2014-02-05',2),(828,'2014-02-04',2),(829,'2014-02-12',2),(830,'2014-02-15',2),(831,'2014-02-18',2),(832,'2014-02-19',2),(833,'2014-02-20',2),(834,'2014-03-04',2),(835,'2014-02-26',2),(836,'2014-02-23',2),(837,'2014-02-22',2),(838,'2014-02-27',2),(840,'2014-03-16',2),(841,'2013-03-14',2),(842,'2014-03-13',2),(843,'2014-03-11',2),(844,'2014-03-10',2),(845,'2014-03-06',2),(846,'2014-03-05',2),(847,'2014-03-20',2),(848,'2014-03-19',2),(849,'2014-03-21',2),(850,'2014-03-25',2),(851,'2014-03-24',2),(852,'2014-03-27',2),(853,'2014-03-26',2),(854,'2014-04-02',2),(855,'2014-04-10',2),(856,'2014-04-08',2),(857,'2014-04-13',2),(858,'2014-04-23',2),(859,'2014-04-22',2),(860,'2014-04-18',2),(861,'2014-04-17',2),(862,'2014-04-15',2),(863,'2014-05-22',2),(864,'2014-05-20',2),(865,'2014-05-19',2),(866,'2014-05-16',2),(867,'2014-05-15',2),(868,'2014-05-14',2),(869,'2014-05-13',2),(870,'2014-05-12',2),(871,'2014-05-06',2),(872,'2014-05-07',2),(873,'2014-05-05',2),(874,'2014-05-11',2),(875,'2014-06-02',2),(876,'2014-05-31',2),(877,'2014-05-30',2),(878,'2014-05-28',2),(879,'2014-06-03',2),(880,'2014-06-04',2),(881,'2014-06-12',2),(882,'2014-06-11',2),(883,'2014-06-10',2),(884,'2014-06-05',2),(885,'2014-06-06',2),(886,'2014-06-07',2),(887,'2014-06-20',2),(888,'2014-06-24',2),(889,'2014-06-23',2),(890,'2014-06-19',2),(891,'2014-06-18',2),(892,'2014-06-17',2),(893,'2014-06-16',2),(894,'2014-06-13',2),(895,'2014-06-25',2),(896,'2014-06-26',2),(897,'2014-07-03',2),(898,'2014-07-02',2),(899,'2014-07-01',2),(900,'2014-06-30',2),(901,'2014-07-09',2),(902,'2014-07-08',2),(903,'2014-07-04',2),(904,'2014-07-10',2),(905,'2014-07-11',2),(906,'2014-07-13',2),(907,'2014-07-14',2),(908,'2014-07-12',2),(909,'2014-07-16',2),(910,'2014-07-28',2),(911,'2014-07-27',2),(912,'2014-07-26',2),(913,'2014-07-24',2),(914,'2014-07-23',2),(915,'2014-07-21',2),(916,'2014-07-18',2),(917,'2014-07-29',2),(918,'2014-08-04',2),(919,'2014-08-01',2),(920,'2014-07-31',2),(921,'2014-07-30',2),(922,'2014-08-05',2),(923,'2014-09-04',2),(924,'2014-09-03',2),(925,'2014-09-02',2),(926,'2014-08-29',2),(927,'2014-08-28',2),(928,'2014-08-25',2),(929,'2014-08-20',2),(930,'2014-08-06',2),(931,'2014-08-12',2),(932,'2014-08-14',2),(933,'2014-08-31',2),(934,'2014-08-08',2),(935,'2014-08-21',2),(936,'2014-08-22',2),(937,'2014-08-11',2),(938,'2014-08-19',2),(939,'2014-08-18',2),(940,'2014-08-27',2),(941,'2014-08-16',2),(942,'2014-08-15',2),(943,'2014-08-26',2),(944,'2014-08-10',2),(945,'2014-09-05',2),(946,'2014-08-07',2),(947,'2014-08-24',2),(948,'2014-08-09',2),(949,'2014-08-13',2),(951,'2014-09-07',2),(952,'2014-09-12',2),(953,'2014-09-11',2),(954,'2014-09-10',2),(955,'2014-09-08',2),(956,'2014-09-15',2),(957,'2014-09-13',2),(958,'2014-09-16',2),(959,'2014-09-17',2),(960,'2014-09-18',2),(961,'2014-09-19',2),(962,'2014-09-24',2),(963,'2014-09-22',2),(964,'2014-09-23',2),(965,'2014-09-30',2),(966,'2014-09-29',2),(967,'2014-09-26',2),(968,'2014-09-25',2),(969,'2014-10-03',2),(970,'2014-10-02',2),(971,'2014-10-01',2),(972,'2014-10-08',2),(973,'2014-10-07',2),(974,'2014-10-06',2),(975,'2014-10-13',2),(976,'2014-10-21',2),(977,'2014-10-23',2),(978,'2014-10-24',2),(979,'2014-10-24',2),(980,'2014-10-27',2),(981,'2014-10-28',2),(982,'2014-10-30',2),(983,'2014-10-30',2),(984,'2014-10-29',2),(985,'2014-10-29',2),(986,'2014-11-04',2),(987,'2014-11-03',2),(988,'2014-10-31',2),(989,'2014-11-06',2),(990,'2014-11-05',2),(991,'2014-11-07',2),(992,'2014-11-12',2),(993,'2014-11-11',2),(994,'2014-11-19',2),(995,'2014-11-20',2),(996,'2014-11-21',2),(997,'2014-12-01',2),(998,'2014-12-03',2),(999,'2014-12-04',2),(1000,'2014-12-05',2),(1001,'2014-12-08',2),(1002,'2014-12-15',2),(1003,'2014-12-09',2),(1004,'2014-12-12',2),(1005,'2014-12-10',2),(1006,'2014-12-11',2),(1007,'2014-12-17',2),(1008,'2014-12-18',2),(1009,'2015-01-05',2),(1010,'2015-01-12',2),(1011,'2015-01-16',2),(1012,'2015-01-20',2),(1013,'2015-01-22',2),(1014,'2015-01-21',2),(1016,'2015-01-23',2),(1017,'2015-01-29',2),(1019,'2015-01-31',2),(1020,'2015-01-31',2),(1021,'2015-02-03',2),(1022,'2015-02-02',2),(1023,'2015-02-04',2),(1024,'2015-02-06',2),(1025,'2015-02-10',2),(1026,'2015-02-09',2),(1027,'2015-02-11',2),(1028,'2015-02-12',2),(1029,'2015-02-13',2),(1030,'2015-02-14',2),(1031,'2015-02-15',2),(1032,'2015-02-17',2),(1033,'2015-02-17',2),(1034,'2015-02-18',2),(1035,'2015-02-21',2),(1036,'2015-02-23',2),(1037,'2015-02-24',2),(1038,'2015-02-25',2),(1039,'2015-02-26',2),(1040,'2015-03-02',2),(1041,'2015-03-03',2),(1042,'2015-03-04',2),(1043,'2015-03-05',2),(1044,'2015-03-06',2),(1045,'2015-03-06',2),(1046,'2015-03-08',2),(1047,'2015-03-10',2),(1048,'2015-03-09',2),(1049,'2015-03-11',2),(1050,'2015-03-16',2),(1051,'2015-03-18',2),(1052,'2015-03-17',2),(1053,'2015-03-19',2),(1054,'2015-03-20',2),(1055,'2015-03-24',2),(1056,'2015-03-25',2),(1057,'2015-03-26',2),(1058,'2015-04-02',2),(1059,'2015-04-10',2),(1060,'2015-04-12',2),(1061,'2015-04-17',2),(1062,'2015-04-16',2),(1063,'2015-04-19',2),(1064,'2015-04-22',2),(1065,'2015-04-22',2),(1066,'2015-04-23',2),(1067,'2015-04-24',2),(1068,'2015-04-27',2),(1069,'2015-04-28',2),(1070,'2015-04-29',2),(1071,'2015-05-03',2),(1072,'2015-05-05',2),(1073,'2015-05-04',2),(1074,'2015-05-06',2),(1075,'2015-05-07',2),(1076,'2015-05-08',2),(1077,'2015-05-11',2),(1078,'2015-05-13',2),(1079,'2015-05-14',2),(1080,'2015-05-13',2),(1081,'2015-05-15',2),(1082,'2015-05-17',2),(1083,'2015-05-19',2),(1084,'2015-05-20',2),(1085,'2015-05-21',2),(1086,'2015-05-22',2),(1087,'2015-05-26',2),(1088,'2015-05-27',2),(1089,'2015-05-28',2),(1090,'2015-05-29',2),(1091,'2015-05-31',2),(1092,'2015-06-03',2),(1093,'2015-06-02',2),(1094,'2015-06-04',2),(1095,'2015-06-05',2),(1096,'2015-06-09',2),(1097,'2015-06-10',2),(1098,'2015-06-11',2),(1099,'2015-06-23',2),(1100,'2015-06-22',2),(1101,'2015-06-25',2),(1102,'2015-05-24',2),(1103,'2015-06-26',2),(1104,'2015-06-13',2),(1105,'2015-06-28',2),(1106,'2015-07-01',2),(1107,'2015-06-30',2),(1108,'2015-07-05',2),(1109,'2015-07-06',2),(1110,'2015-07-07',2),(1111,'2015-07-09',2),(1112,'2015-07-10',2),(1113,'2015-07-13',2),(1114,'2015-07-14',2),(1115,'2015-07-15',2),(1116,'2015-07-17',2),(1117,'2015-07-16',2),(1118,'2015-07-19',2),(1119,'2015-07-20',2),(1120,'2015-06-06',2),(1121,'2015-07-21',2),(1122,'2015-07-22',2),(1123,'2015-07-23',2),(1124,'2015-07-24',2),(1125,'2015-07-27',2),(1126,'2015-07-29',2),(1127,'2015-07-30',2),(1128,'2015-08-03',2),(1129,'2015-08-02',2),(1130,'2015-08-01',2),(1131,'2015-08-04',2),(1132,'2015-08-06',2),(1133,'2015-08-06',2),(1134,'2015-08-07',2),(1135,'2015-08-12',2),(1136,'2015-08-13',2),(1137,'2015-08-14',2),(1138,'2015-08-24',2),(1139,'2015-08-25',2),(1140,'2015-08-27',2),(1141,'2015-08-27',2),(1142,'2015-08-16',2),(1143,'2015-08-17',2),(1144,'2015-08-18',2),(1145,'2015-08-19',2),(1146,'2015-08-21',2),(1147,'2015-08-22',2),(1148,'2015-09-08',2),(1149,'2015-09-09',2),(1150,'2015-09-10',2),(1151,'2015-09-14',2),(1154,'2015-09-22',2),(1155,'2015-09-23',2),(1156,'2015-09-24',2),(1157,'2015-09-25',2),(1158,'2015-09-28',2),(1159,'2015-09-29',2),(1160,'2015-10-02',2),(1161,'2015-10-05',2),(1162,'2015-10-06',2),(1163,'2015-10-07',2),(1164,'2015-10-09',2),(1165,'2015-10-12',2),(1166,'2015-10-14',2),(1167,'2015-10-16',2),(1168,'2015-10-16',2),(1169,'2015-10-15',2),(1170,'2015-10-19',2),(1171,'2015-12-16',2),(1172,'2015-12-17',2),(1173,'2016-01-20',2),(1174,'2016-01-23',2),(1175,'2016-02-10',2);
/*!40000 ALTER TABLE `activities` ENABLE KEYS */;
UNLOCK TABLES;

--
-- Table structure for table `activity_descriptions`
--

DROP TABLE IF EXISTS `activity_descriptions`;
/*!40101 SET @saved_cs_client     = @@character_set_client */;
/*!40101 SET character_set_client = utf8 */;
CREATE TABLE `activity_descriptions` (
  `activity_id` int(11) NOT NULL,
  `activity_description` varchar(256) NOT NULL,
  PRIMARY KEY (`activity_id`),
  CONSTRAINT `FK_ride_descriptions_rides` FOREIGN KEY (`activity_id`) REFERENCES `activities` (`activity_id`)
) ENGINE=InnoDB DEFAULT CHARSET=utf8;
/*!40101 SET character_set_client = @saved_cs_client */;

--
-- Dumping data for table `activity_descriptions`
--

LOCK TABLES `activity_descriptions` WRITE;
/*!40000 ALTER TABLE `activity_descriptions` DISABLE KEYS */;
INSERT INTO `activity_descriptions` VALUES (1,'Commute'),(2,'Commute'),(3,'Commute'),(4,'Commute'),(5,'Commute'),(6,'Commute'),(7,'Commute'),(8,'Commute'),(9,'Commute'),(10,'Commute'),(11,'Commute'),(12,'Commute'),(13,'Commute'),(14,'Commute'),(15,'Commute'),(16,'Commute'),(17,'Commute'),(18,'Commute'),(19,'Commute'),(20,'Commute'),(21,'Commute'),(22,'Commute'),(23,'Commute'),(24,'Commute'),(25,'Commute'),(26,'Commute'),(27,'Commute'),(28,'Errands'),(29,'Commute'),(30,'Commute'),(31,'Commute'),(32,'Commute'),(33,'Commute'),(34,'Errands'),(35,'Commute'),(36,'Commute'),(37,'Commute'),(38,'Commute'),(39,'Commute'),(40,'Commute'),(41,'Commute'),(42,'Commute'),(43,'Commute'),(44,'Commute'),(45,'Commute'),(46,'Commute'),(47,'Commute'),(48,'Commute'),(49,'Commute'),(50,'Commute'),(51,'Commute'),(52,'Commute'),(53,'Commute'),(54,'Commute'),(55,'Commute'),(56,'Commute'),(57,'Commute'),(58,'Commute'),(59,'Commute'),(60,'Commute'),(61,'Commute'),(62,'Commute'),(63,'Commute'),(64,'Commute'),(65,'Commute'),(66,'Commute'),(67,'Commute'),(68,'Commute'),(69,'Commute'),(70,'Commute'),(71,'Commute'),(72,'Commute'),(73,'Commute'),(74,'Commute'),(75,'Commute'),(76,'Commute'),(77,'Commute'),(78,'Commute'),(79,'Commute'),(80,'Commute'),(81,'Commute'),(82,'Commute'),(83,'Commute'),(84,'Commute'),(85,'Commute'),(86,'Commute'),(87,'Commute'),(88,'Commute'),(89,'Commute'),(90,'Commute'),(91,'Commute'),(92,'Commute'),(93,'Commute'),(94,'Commute'),(95,'Commute'),(96,'Commute'),(97,'Commute'),(98,'Commute'),(99,'Commute'),(100,'Commute'),(101,'Commute'),(102,'Commute'),(103,'Commute'),(104,'Commute'),(105,'Commute'),(106,'Commute'),(107,'Commute'),(108,'Commute'),(109,'Commute'),(110,'Commute'),(111,'Commute'),(112,'Commute'),(113,'Commute'),(114,'Commute'),(115,'Commute'),(116,'Commute'),(117,'Commute'),(118,'Commute'),(119,'Commute'),(120,'Errands'),(121,'Commute'),(122,'Commute'),(123,'Commute'),(124,'Commute'),(125,'Commute'),(126,'Errands'),(127,'Errands'),(128,'Commute'),(129,'Commute'),(130,'Commute'),(131,'Commute'),(132,'Commute'),(133,'Errands'),(134,'Commute'),(135,'Commute'),(136,'Commute'),(137,'Commute'),(138,'Commute'),(139,'Commute'),(140,'Commute'),(141,'Commute'),(142,'Errands + Visiting'),(143,'Commute'),(144,'Commute'),(145,'Commute'),(146,'Commute'),(147,'Commute'),(148,'Commute'),(149,'Commute'),(150,'Commute'),(151,'Commute'),(152,'Commute'),(153,'Commute'),(154,'Commute'),(155,'Commute'),(156,'Commute'),(157,'Commute'),(158,'Commute'),(159,'Commute'),(160,'Commute'),(161,'Commute'),(162,'Commute'),(163,'Commute'),(164,'Commute'),(165,'Commute'),(166,'To Daniel\'s'),(167,'From Daniel\'s'),(168,'Commute'),(169,'Commute'),(170,'Commute'),(171,'Commute'),(172,'Errands'),(173,'Carla\'s'),(174,'Commute'),(175,'Commute'),(176,'Commute'),(177,'Commute'),(178,'Commute'),(179,'Commute'),(180,'Commute'),(181,'Commute'),(182,'Commute'),(183,'Commute'),(184,'To Richie\'s'),(185,'To Cori\'s'),(186,'Commute'),(187,'Commute'),(188,'Commute'),(189,'Commute'),(190,'Commute'),(191,'Commute'),(192,'Commute'),(193,'Commute'),(194,'Commute'),(195,'Commute'),(196,'Commute'),(197,'Commute'),(198,'Post office'),(199,'Commute'),(200,'Commute'),(201,'Commute'),(202,'Commute'),(203,'Commute'),(204,'Timbers Game'),(205,'Commute'),(206,'Commute'),(207,'Commute'),(208,'Commute'),(209,'Commute'),(210,'Commute'),(211,'Commute'),(212,'Commute'),(213,'Commute'),(214,'Commute'),(215,'Commute'),(216,'Commute'),(217,'Commute'),(218,'Commute'),(219,'Commute'),(220,'Commute'),(221,'Commute'),(222,'Commute'),(223,'Commute'),(224,'Commute'),(225,'Commute'),(226,'Commute'),(227,'Commute'),(228,'Commute'),(229,'Commute'),(230,'Commute'),(231,'Commute'),(232,'Commute'),(233,'Commute'),(234,'Commute'),(235,'Commute'),(236,'Commute'),(237,'Commute'),(238,'Commute'),(239,'Commute'),(240,'Commute'),(241,'Commute'),(242,'Commute'),(243,'Commute'),(244,'Commute'),(245,'Commute'),(246,'Commute'),(247,'Commute'),(248,'Commute'),(249,'Commute'),(250,'Commute'),(251,'Commute'),(252,'Commute'),(253,'Commute'),(254,'Commute'),(255,'Commute'),(256,'Commute'),(257,'Commute'),(258,'Commute'),(259,'Commute'),(260,'Commute'),(261,'Commute'),(262,'Commute'),(263,'Commute'),(264,'Commute'),(265,'Fred Meyer'),(266,'Commute'),(267,'Commute'),(268,'Commute'),(269,'Commute'),(270,'Commute'),(271,'Commute'),(272,'Commute'),(273,'Commute'),(274,'Commute'),(275,'Commute'),(276,'Fred Meyer'),(277,'Commute'),(278,'Commute'),(279,'Commute'),(280,'Commute'),(281,'Commute'),(282,'Fred Meyer'),(283,'Commute'),(284,'Commute'),(285,'Fred Meyer'),(286,'Commute'),(287,'Commute'),(288,'Commute'),(289,'Commute'),(290,'Around town'),(291,'Back home'),(292,'Commute'),(293,'Commute'),(294,'Commute'),(295,'Commute'),(296,'Commute'),(297,'Commute'),(298,'Commute'),(299,'Commute'),(300,'Commute'),(301,'Commute'),(302,'Commute'),(303,'Commute'),(304,'Commute'),(305,'Commute'),(306,'Commute'),(307,'Commute'),(308,'Commute'),(309,'Freddy\'s'),(310,'Commute'),(311,'Commute'),(312,'Commute'),(313,'Freddy\'s'),(314,'Commute'),(315,'Commute'),(316,'Commute'),(317,'Commute'),(318,'Commute'),(319,'Commute'),(320,'Freddy\'s'),(321,'Commute'),(322,'Commute'),(323,'Commute'),(324,'Commute'),(325,'Commute'),(326,'Commute'),(327,'Commute'),(328,'Commute'),(329,'Commute'),(330,'Commute'),(331,'House hunting'),(332,'Superbowl'),(333,'Commute'),(334,'Commute'),(335,'Commute'),(336,'Commute'),(337,'Commute'),(338,'Commute'),(339,'Commute'),(340,'Commute'),(342,'Commute'),(343,'Commute'),(344,'To Lewis & Clark'),(345,'Errands'),(346,'Commute'),(347,'Commute'),(348,'Commute'),(349,'Commute'),(350,'Commute'),(351,'To Lewis & Clark'),(353,'To Lewis & Clark'),(354,'Richie\'s and Fred Meyer'),(355,'Commute'),(356,'Commute'),(357,'Commute'),(358,'Commute'),(359,'Commute'),(360,'Fred Meyer twice, Guys House'),(361,'Commute'),(362,'Commute'),(363,'Commute'),(364,'Commute'),(365,'Commute'),(366,'Commute'),(367,'Commute'),(368,'Commute'),(369,'Commute'),(370,'Commute'),(371,'Commute'),(372,'Commute'),(373,'Commute'),(374,'Commute'),(375,'Commute'),(376,'Commute'),(377,'Commute'),(378,'Commute'),(379,'Commute'),(380,'Fred Meyer'),(381,'Richie\'s, Freddy\'s'),(382,'Freddy\'s'),(384,'Commute'),(385,'Commute'),(386,'Commute'),(387,'Commute'),(388,'Commute'),(389,'Parrett Mountain Road'),(390,'Commute'),(391,'Commute'),(392,'Commute'),(393,'Commute'),(394,'Commute'),(395,'Groceries'),(396,'To Richie\'s'),(397,'Commute'),(398,'Commute'),(399,'Richie\'s, Washington Park'),(400,'Fred Meyer'),(401,'Commute'),(402,'Commute'),(403,'Work, Bi-Mart, Guys\' House'),(404,'Commute'),(405,'Commute'),(406,'Commute'),(407,'Commute'),(408,'Apt. to work; Laura\'s to Apt.'),(409,'Commute'),(410,'Laura\'s to Home'),(411,'Commute; to Laura\'s'),(412,'Commute'),(413,'Commute; to Laura\'s '),(414,'To Fire on the Mountain'),(415,'To Lewis & Clark and back'),(416,'Commute'),(417,'Commute'),(418,'Commute'),(419,'Apartment to Laura\'s'),(420,'Laura\'s to Apartment'),(421,'Bald Peak'),(422,'Freddy\'s twice'),(423,'John\'s Landing, Washington Park, Vista, Fairmount, Home'),(424,'Commute'),(425,'Commute'),(426,'Laura\'s to Apartment'),(427,'Commute'),(428,'Apartment, Work, Realtors, Laura\'s, Alberta, Safeway, Laura\'s'),(429,'Commute'),(430,'Fred Meyer'),(431,'Commute'),(432,'Commute'),(433,'Laura\'s, Home, Old Town Pizza'),(434,'Laura\'s, Home, Fred\'s, Delta Cafe'),(435,'Commute'),(436,'Commute'),(437,'Commute'),(438,'Grandad\'s to John\'s and back'),(439,'Wenas'),(440,'Home to Laura\'s'),(441,'Laura\'s, Work, Realtor\'s, REI, Home'),(442,'Home, Work, Realtor, Home'),(443,'Work, Fred\'s, Home'),(444,'Partial ride to work'),(445,'Home to Lewis & Clark'),(446,'Work, Bike Shop, Richie\'s, Home'),(447,'Commute'),(448,'Home, Work, Laura\'s'),(449,'Laura\'s, Fred\'s, Home'),(450,'Commute'),(451,'Home to Work'),(452,'Laura\'s to Home'),(453,'Commute'),(454,'Commute'),(455,'Commute'),(456,'Commute'),(457,'Commute'),(458,'To Laura\'s'),(459,'Commute'),(460,'Commute'),(461,'Home, Work, Realtor, Laura\'s'),(462,'Work, Home, Groceries'),(463,'Work, Enterprise'),(464,'Cline Falls'),(465,'Enterprise, Work, Laura\'s'),(466,'Laura\'s, Work, Safeway, Work, Home'),(467,'Commute'),(468,'Laura\'s, Work'),(469,'Home, HUB'),(470,'Work, Home'),(471,'Home, Laura\'s'),(472,'Laura\'s, Home'),(473,'Commute'),(474,'Commute'),(475,'Laura\'s, Work, Home'),(476,'Commute'),(477,'Commute'),(478,'Fred Meyer'),(479,'Home, Fred\'s, Laura\'s'),(480,'Commute'),(481,'Commute'),(482,'Commute'),(483,'Commute'),(484,'Commute'),(485,'Commute'),(486,'Commute'),(487,'Commute'),(488,'Commute'),(489,'Timbers Game'),(490,'Commute'),(491,'Commute'),(492,'Commute'),(493,'Commute'),(494,'Commute'),(495,'Commute'),(496,'Commute'),(497,'Commute'),(498,'Commute'),(499,'Commute'),(500,'Commute'),(501,'Commute'),(502,'Commute'),(503,'Commute'),(504,'Lewis & Clark, Fred\'s'),(505,'Commute'),(506,'Commute'),(507,'Commute'),(508,'Commute'),(509,'Commute'),(510,'Commute'),(511,'Commute'),(512,'Commute'),(513,'Commute'),(514,'Commute'),(515,'Lewis & Clark'),(516,'Home, Work, Westmoreland, Lewis & Clark, Home'),(517,'Commute'),(518,'Commute'),(519,'Commute'),(520,'Commute'),(521,'Commute'),(522,'Commute'),(523,'Commute'),(524,'Commute'),(525,'Commute'),(526,'Commute'),(527,'Commute'),(528,'Commute'),(529,'Commute'),(530,'Commute'),(531,'Commute'),(532,'Commute'),(533,'Commute'),(534,'Commute'),(535,'Commute'),(536,'Commute'),(537,'Commute'),(538,'Commute'),(539,'Commute'),(540,'Commute'),(541,'Commute'),(542,'Commute'),(543,'Commute'),(544,'Commute'),(545,'Commute'),(546,'Commute'),(547,'Commute'),(548,'Lewis & Clark'),(549,'Commute'),(550,'Commute'),(551,'Commute'),(552,'Commute'),(553,'Commute'),(554,'Commute'),(555,'Commute'),(556,'Commute'),(557,'Commute'),(558,'Commute'),(559,'Commute'),(560,'Commute'),(561,'Commute'),(562,'Commute'),(563,'Commute'),(564,'Commute'),(565,'Commute'),(566,'Commute'),(567,'Commute'),(568,'Commute'),(569,'Commute'),(570,'Commute'),(571,'Commute'),(572,'Commute'),(573,'Commute'),(574,'Commute'),(575,'Commute'),(576,'Commute'),(577,'Commute'),(578,'Commute'),(579,'Commute'),(580,'Commute'),(581,'Commute'),(582,'Commute'),(583,'Commute'),(584,'Commute'),(585,'Commute'),(586,'To Bus Stop'),(587,'Commute'),(588,'Commute'),(589,'Commute'),(590,'Laura\'s -> Work -> Home'),(591,'Work -> Home'),(592,'Home -> Work'),(593,'Commute'),(594,'Home -> Work'),(595,'Work -> Home'),(596,'Home -> Work'),(597,'Commute'),(598,'Commute'),(599,'Commute'),(600,'Downtown -> Saburo\'s'),(601,'Laura\'s -> Work -> Produce Row'),(602,'Safeway'),(603,'Commute'),(604,'Commute'),(605,'Commute (from and to Laura\'s)'),(606,'Commute'),(607,'Commute'),(608,'Foot Traffic NE -> Hawthorne Fred\'s -> Home'),(609,'Laura\'s -> Home'),(610,'Home -> Laura\'s'),(611,'Home -> Work'),(612,'Work -> Home'),(613,'Home -> Work -> Laura\'s'),(614,'Laura\'s -> Home'),(615,'Work -> Home'),(616,'Work -> Home'),(617,'Home -> Work -> Safeway -> Home'),(618,'Commute'),(620,'Home -> Work -> School -> Home'),(622,'Work -> Home'),(623,'Home -> HUB'),(624,'Home -> Work -> Safeway -> Home'),(625,'Laura\'s -> Work -> Home'),(626,'Home -> Work -> Laura\'s'),(627,'Work -> Home'),(628,'Zipcar'),(629,'Work -> Home'),(632,'Commute'),(633,'Commute'),(634,'Commute'),(635,'Reed College'),(636,'South Shore'),(637,'To Asa\'s and back'),(638,'Laura\'s -> Work -> Home'),(639,'To Richie\'s and back'),(641,'Commute; to Asa\'s and back'),(642,'Commute'),(643,'Home -> Work'),(644,'Home -> Work -> Fred\'s -> Home'),(645,'Commute'),(646,'Work -> Home'),(647,'Commute'),(648,'Home -> Work'),(649,'Commute'),(650,'Commute'),(651,'Laura\'s -> Work -> Home'),(652,'Home -> Lewis & Clark'),(653,'Laura\'s -> Work'),(654,'Commute'),(655,'Work -> Home'),(656,'Commute'),(657,'Tolman to Holman'),(658,'Commute'),(659,'Commute'),(660,'Commute'),(661,'Commute'),(662,'Safeway'),(663,'Safeway'),(664,'Commute'),(665,'Skyline Blvd.'),(666,'Commute'),(667,'Safeway, Tolman to Holman'),(668,'Work -> Home'),(669,'Home -> Work'),(670,'Work -> Home'),(671,'Laura\'s -> Work'),(672,'Laura\'s -> Work -> Home'),(673,'Laura\'s -> Work -> Laura\'s'),(674,'Laura\'s -> Work -> Home'),(675,'Tolman to Holman'),(676,'Border Duel'),(677,'Laura\'s -> work -> Home'),(678,'Laura\'s -> Work -> Home'),(679,'Laura\'s -> Work -> Home'),(680,'Home -> Work -> Laura\'s'),(681,'Work -> Home'),(682,'Home -> Fred\'s -> Work -> Fred\'s -> Home'),(683,'Home -> Work -> Aladdin -> Safeway -> Home'),(684,'Commute'),(685,'Laura\'s -> Work -> Home'),(686,'Home -> Work -> Laura\'s -> Tooling'),(687,'Work -> Aladdin -> Home'),(688,'Home -> Fred\'s -> Work'),(689,'Home -> Work -> Laura\'s'),(690,'Home -> Fred\'s -> Work -> Home'),(691,'Holman to Tolamn'),(692,'Tolman to Holman'),(693,'Laura\'s -> Fred\'s -> Home'),(694,'Work -> Home'),(695,'Home -> Work -> Home -> Laura\'s'),(696,'Work -> Laura\'s -> Robert River\'s'),(697,'Home -> Sellwood Foot Traffic'),(698,'Laura\'s -> Work -> Home'),(699,'Home -> Work -> Laura\'s'),(700,'Work -> Home'),(701,'Work -> Safeway -> Home'),(702,'Home -> Work -> Fred\'s -> Home'),(703,'Home -> Work'),(704,'Holman to Tolman'),(705,'Laura\'s -> Work -> Fred\'s -> Home'),(706,'Home -> HUB'),(707,'Laura\'s -> LC -> Home -> Apex -> Home'),(708,'Tolman to Holman'),(709,'Home -> Work -> Laura\'s'),(710,'Laura\'s -> Work'),(711,'Commute'),(712,'Home -> Work'),(713,'Work -> Home'),(714,'Commute'),(715,'Work -> Home'),(716,'Laura\'s -> Work -> Home'),(717,'Laura\'s -> Work -> Home'),(718,'Home -> Work -> Laura\'s'),(719,'Laura\'s -> Work -> Home'),(720,'Laura\'s -> Work -> Laura\'s'),(721,'Home -> Work -> Laura\'s'),(722,'Commute'),(723,'Laura\'s -> Fred\'s -> Home'),(724,'Home -> Fred\'s -> Laura\'s'),(725,'Safeway, Tech Help'),(726,'Laura\'s -> Work -> Home'),(727,'Home -> Work -> Laura\'s'),(728,'Laura\'s -> Work -> Laura\'s'),(729,'Home -> Work -> Fred\'s -> Laura\'s'),(730,'Laura\'s -> Work -> Home'),(731,'Laura\'s -> Work -> Home'),(732,'Tolman -> Fred\'s -> Holman'),(733,'Commute'),(734,'Fred\'s'),(735,'Laura\'s -> Work -> Home'),(736,'Home -> Work -> Laura\'s'),(737,'Home -> Work -> Laura\'s'),(738,'Laura\'s -> Work -> Green Dragon'),(739,'Home -> Safeway -> Fred\'s -> Home'),(740,'Laura\'s -> Work -> Home'),(741,'Home -> Work -> Laura\'s'),(745,'Laura\'s -> Work -> Home'),(746,'Home -> Work -> Laura\'s'),(747,'Laura\'s -> Work -> Home'),(748,'Home -> Work -> Foot Traffic -> Laura\'s'),(749,'Laura\'s -> Work -> Laura\'s'),(750,'Laura\'s -> Work -> Home'),(751,'Home -> Work -> Home'),(752,'Home -> Westmoreland'),(753,'Tolman -> Fred\'s -> Holman'),(754,'Laura\'s -> Work -> Home'),(755,'Home -> Work -> Laura\'s'),(756,'Laura\'s -> Work -> Fred\'s -> Home'),(757,'Tolman to Holman'),(758,'Holman to Tolman (via Extracto)'),(759,'Home -> Work -> Laura\'s'),(760,'Laura\'s -> Work -> Home'),(761,'Home -> Work -> Laura\'s'),(762,'Laura\'s -> Work'),(763,'Work -> Asa\'s'),(764,'Work -> Home'),(765,'Laura\'s -> Work -> Home'),(766,'Tolman to Holman'),(767,'Foot Traffic -> Fred\'s -> Home'),(768,'Home -> Work -> Laura\'s'),(769,'Laura\'s -> Work -> Home'),(770,'Home -> Fred\'s -> Work -> Laura\'s'),(771,'Work -> Laura\'s'),(772,'Laura\'s -> Work'),(773,'Home -> Work'),(774,'Home -> Work -> Laura\'s'),(775,'Laura\'s -> Work -> Home'),(776,'Home -> Work'),(777,'Laura\'s -> Work -> Fred\'s -> Home'),(778,'Home -> Work -> Laura\'s'),(779,'Commute'),(780,'Holman to Tolman'),(781,'Home -> Work'),(782,'Home -> Work -> Laura\'s'),(783,'Commute'),(784,'Home -> Work'),(785,'Holman to Tolman'),(786,'Tolman to Holman'),(787,'Commute'),(788,'Tolman to Holman'),(789,'Laura\'s -> Work -> Fred\'s -> Home'),(790,'Home -> Work'),(791,'Laura\'s -> Work -> Home'),(792,'Home -> Work -> Laura\'s'),(793,'Laura\'s -> Work -> Home'),(794,'Home -> Fred\'s -> Work -> Laura\'s'),(795,'Laura\'s -> Work -> Fred\'s -> Home'),(796,'Home -> Work -> Laura\'s'),(797,'Home -> Work -> Home'),(798,'Laura\'s -> Work'),(799,'Home -> Work'),(800,'Commute'),(801,'Safeway'),(802,'Home -> Work'),(803,'Commute'),(804,'Laura\'s -> Fred\'s -> Safeway -> Home'),(805,'Tolman to Holman'),(806,'Laura\'s -> Work -> Home'),(807,'Home -> Work -> Laura\'s'),(808,'Commute'),(809,'Home -> Fred\'s -> Work -> Home'),(810,'Work -> Home'),(811,'Commute'),(812,'Laura\'s -> Work'),(813,'Home -> Work -> Laura\'s'),(814,'Home -> Work -> Laura\'s'),(815,'Home -> Work -> Fred\'s -> Home'),(816,'Asa\'s'),(817,'Laura\'s -> Work -> Fred\'s -> Home'),(818,'Home -> Work -> Laura\'s'),(819,'Home -> Work'),(820,'Home -> Work -> Laurelwood'),(821,'Home -> Pete\'s -> Fred\'s -> Home'),(822,'Commute'),(823,'Home -> Fred\'s -> Work -> Laura\'s'),(824,'Holman to Tolman'),(825,'Childs-Rosemont'),(826,'Laura\'s -> Work'),(827,'Laura\'s -> Work -> Laura\'s'),(828,'Home -> Work -> Laura\'s'),(829,'Work -> Home'),(830,'Home -> Asa\'s -> Green Dragon'),(831,'Laura\'s -> Work -> Home'),(832,'Home -> Work -> Laura\'s'),(833,'Home -> Work'),(834,'Home -> Fred\'s -> Work -> Home'),(835,'Home -> Work -> Laura\'s'),(836,'Holman -> Fred\'s -> Tolman'),(837,'Tolman to Holman'),(838,'Laura\'s -> Work -> Home'),(840,'Sellwood New Seasons'),(841,'Laura\'s -> Work -> Laura\'s'),(842,'Home -> Fred\'s -> Work -> Foot Traffic'),(843,'Laura\'s -> Work -> Home'),(844,'Home -> Work -> Laura\'s'),(845,'Laura\'s -> Work -> Home'),(846,'Laura\'s -> Work -> Home'),(847,'Laura\'s -> Work -> Home'),(848,'Home -> Work -> Laura\'s'),(849,'Home -> Fred\'s -> Work -> Home'),(850,'Laura\'s -> Work -> Eastbank Commerce Center; Delta Cafe -> Home'),(851,'Home -> Work -> Laura\'s'),(852,'Home -> Work -> Home'),(853,'Safeway'),(854,'Home -> Work -> Fred\'s -> Home'),(855,'Home -> Work -> Home'),(856,'Home -> Work'),(857,'Springwater Corridor'),(858,'Laura\'s -> Work -> Home'),(859,'Home -> Work -> Laura\'s'),(860,'Home -> Work -> Home'),(861,'Home -> Work -> Fred\'s -> Home'),(862,'Home -> Fred\'s -> Work -> Home'),(863,'Clinton/Clinton Commute'),(864,'Steele/Clinton Commute'),(865,'Home -> Fred\'s -> Work -> Trader Joe\'s -> Home'),(866,'Steele/Clinton Commute'),(867,'Steele/Clinton Commute'),(868,'Steele/Clinton Commute'),(869,'Home -> Fred\'s -> Work -> Home'),(870,'Steele/Clinton Commute'),(871,'Steele/Clinton Commute'),(872,'Home -> Work -> Fred\'s -> Home'),(873,'Safeway'),(874,'OMSI, Safeay'),(875,'Clinton/Clinton Commute'),(876,'Safeway'),(877,'Steele/Clinton Commute'),(878,'Home -> Work -> Fred\'s -> Home'),(879,'Home -> Fred\'s -> Work -> Home'),(880,'Steele/Clinton Commute'),(881,'Steele/Clinton Commute'),(882,'Steele/Clinton Commute'),(883,'Home -> Work -> Fred\'s -> Home'),(884,'Steele/Clinton Commute'),(885,'Johnson/O. B. Riley'),(886,'McKenzie Pass'),(887,'Clinton/Clinton Commute'),(888,'Clinton/Clinton Commute'),(889,'Steele/Clinton Commute'),(890,'Steele/Clinton Commute'),(891,'Home -> Fred\'s -> Work -> Home'),(892,'Clinton/Clinton Commute'),(893,'Clinton/Steele Commute'),(894,'Clinton/Steele Commute'),(895,'Clinton/Clinton Commute'),(896,'Clinton/Clinton Commute'),(897,'Clinton/Clinton Commute'),(898,'Clinton/Clinton Commute'),(899,'Steele/Clinton Commute'),(900,'Clinton/Clinton Commute'),(901,'Clinton/Clinton Commute'),(902,'Clinton/Clinton Commute'),(903,'Safeway'),(904,'Clinton/Clinton Commute'),(905,'Clinton/Clinton Commute'),(906,'Springwater'),(907,'Clinton/Clinton Commute'),(908,'Asa\'s'),(909,'Clinton/Clinton Commute'),(910,'Home -> Work -> Safeway -> Home'),(911,'Salt & Straw'),(912,'Wenas'),(913,'Home -> Work -> Laurelwood -> Home'),(914,'Clinton/Clinton Commute'),(915,'Clinton/Clinton Commute'),(916,'Home -> Work'),(917,'Home -> Work -> Hardware -> Home'),(918,'Clinton/Clinton Commute'),(919,'Clinton/Clinton Commute'),(920,'Home -> Fred\'s -> Work -> Home'),(921,'Green Dragon'),(922,'Clinton/Clinton Commute'),(923,'Commute'),(924,'Commute'),(925,'Commute'),(926,'Commute'),(927,'Commute'),(928,'Commute'),(929,'Commute'),(930,'Commute'),(931,'Commute'),(932,'Commute'),(933,'Johnson Market'),(934,'Commute'),(935,'Commute'),(936,'Commute'),(937,'Commute'),(938,'Commute'),(939,'Commute'),(940,'Commute'),(941,'Green Dragon, Laurelwood'),(942,'Commute'),(943,'Commute'),(944,'Jane\'s Parent\'s, Asa\'s'),(945,'Commute'),(946,'Commute'),(947,'Safeway'),(948,'Safeway'),(949,'Home -> Work -> Produce Row'),(957,'Home -> Belmont & Peacock'),(959,'Home -> Work -> Bike Gallery'),(961,'Home -> Work -> TSA Pre-Check -> Home'),(1019,'Home -> Sellwood -> Downtown -> Home'),(1020,'Nudi'),(1030,'Bike Gallery'),(1031,'Woodstock Hardware, Fred\'s'),(1033,'Home -> Work -> Fred\'s'),(1046,'Springwater'),(1049,'Home -> Ladd Circle'),(1050,'Home -> Fred\'s -> Work -> Home'),(1071,'Evergreen Highway'),(1080,'Home -> Work -> Taylor Parking Lot'),(1081,'Home -> Work -> Base Camp -> Green Dragon -> Home'),(1082,'Cline Falls'),(1084,'Home -> Work -> Fred\'s'),(1091,'Sentinel Hill'),(1095,'Home -> Fred\'s -> Work -> Bike Gallery -> Enterprise'),(1103,'Delta Cafe'),(1104,'Asa\'s'),(1105,'Asa\'s'),(1108,'Springwater'),(1118,'Springwater'),(1120,'Bachelor'),(1122,'Work -> Fred\'s -> Home'),(1129,'Elk Lake'),(1130,'The Cove'),(1142,'Coeur d\'Alene -> Kellogg'),(1143,'Kellogg -> Wallace'),(1144,'Wallace -> Noxon'),(1145,'Noxon -> Sandpoint'),(1146,'Schweitzer'),(1147,'Sandpoint -> Coeur d\'Alene'),(1174,'Asa\'s');
/*!40000 ALTER TABLE `activity_descriptions` ENABLE KEYS */;
UNLOCK TABLES;

--
-- Table structure for table `activity_durations`
--

DROP TABLE IF EXISTS `activity_durations`;
/*!40101 SET @saved_cs_client     = @@character_set_client */;
/*!40101 SET character_set_client = utf8 */;
CREATE TABLE `activity_durations` (
  `activity_id` int(11) NOT NULL,
  `duration_minutes` float NOT NULL,
  PRIMARY KEY (`activity_id`),
  CONSTRAINT `fk_ride_durations_1` FOREIGN KEY (`activity_id`) REFERENCES `activities` (`activity_id`)
) ENGINE=InnoDB DEFAULT CHARSET=utf8;
/*!40101 SET character_set_client = @saved_cs_client */;

--
-- Dumping data for table `activity_durations`
--

LOCK TABLES `activity_durations` WRITE;
/*!40000 ALTER TABLE `activity_durations` DISABLE KEYS */;
INSERT INTO `activity_durations` VALUES (1,60),(2,37),(3,37),(4,60),(5,60),(6,63),(7,60),(8,60),(9,60),(10,25),(11,54),(12,58),(13,61),(14,37),(15,58),(16,61),(17,53),(18,55),(19,60),(20,46),(21,60),(22,10.1715),(23,60),(24,60),(25,60),(26,10.15),(27,60),(28,44.5),(29,18.4),(30,18.4),(31,28),(32,58.25),(33,62.5872),(34,10.5673),(35,56.5912),(36,60),(37,60),(38,46),(39,14),(40,47.6),(41,60),(42,60),(43,60),(44,30.4807),(45,52.4563),(46,60),(47,60),(48,29.2993),(49,29.2993),(50,60),(51,56.9333),(52,36.7883),(53,95.4745),(54,60),(55,29.0833),(56,29.0833),(57,56.958),(58,60),(59,60),(60,60),(61,67.45),(62,28.8167),(63,89.5667),(64,60),(65,36.7883),(66,67),(67,59.1241),(68,57.0423),(69,55.0875),(70,58.1828),(71,26.5122),(72,29.3573),(73,53.3605),(74,54.5345),(75,79.0867),(76,57.2483),(77,56.1387),(78,30.9958),(79,31.5678),(80,59.5347),(81,61.7985),(82,59.1972),(83,56.7478),(84,55.6763),(85,29.6237),(86,43.6207),(87,58.002),(88,56.9432),(89,58.0947),(90,36.543),(91,56.171),(92,39.569),(93,56.5752),(94,55.79),(95,55.3565),(96,56.7108),(97,27.8445),(98,28.4758),(99,54.6223),(100,55.4065),(101,54.8252),(102,53.404),(103,52.0963),(104,68.1988),(105,53.0707),(106,51.962),(107,56.2992),(108,58.1095),(109,73.6505),(110,51.8467),(111,47.6553),(112,54.1698),(113,53.5263),(114,48.9108),(115,56.779),(116,53.5042),(117,54.479),(118,54.4187),(119,32.1137),(120,25.7112),(121,34.5548),(122,32.6302),(123,31.6472),(124,35.1082),(125,35.2617),(126,11.5335),(127,64.773),(128,30.7695),(129,33.292),(130,33.5652),(131,40.1547),(132,34.0065),(133,36.1572),(134,51.5422),(135,35.3335),(136,50.2077),(137,40.907),(138,55.09),(139,55.1087),(140,72.821),(141,50.8727),(142,63.1125),(143,49.9175),(144,34.4497),(145,74.4068),(146,50.8327),(147,77.3673),(148,53.0078),(149,51.3277),(150,51.7563),(151,34.1042),(152,33.4278),(153,35.0643),(154,62.1528),(155,53.4278),(156,50.2927),(157,52.0018),(158,49.1727),(159,106.304),(160,33.0758),(161,33.2828),(162,56.1112),(163,32.1457),(164,53.2593),(165,46.1733),(166,17.1282),(167,16.2775),(168,54.5398),(169,51.8788),(170,56.3563),(171,50.5483),(172,11.3022),(173,68.6483),(174,79.7838),(175,54.5568),(176,53.9505),(177,53.0122),(178,114.108),(179,42.1092),(180,47.4328),(181,52.7748),(182,54.5542),(183,50.204),(184,54.8843),(185,39.517),(186,37.1515),(187,52.7235),(188,62.9288),(189,52.7652),(190,53.1007),(191,100.717),(192,72.9242),(193,56.8608),(194,52.8418),(195,52.249),(196,109.369),(197,90.3968),(198,5.09933),(199,54.8903),(200,48.6315),(201,109.333),(202,51.865),(203,52.2673),(204,44.8597),(205,91.1237),(206,57.3092),(207,58.3235),(208,35.677),(209,54.9398),(210,54.2823),(211,55.2917),(212,27.335),(213,54.6393),(214,55.6177),(215,56.561),(216,54.816),(217,53.932),(218,27.2298),(219,40.2755),(220,34.1893),(221,52.6108),(222,65.5297),(223,28.6083),(224,60.5),(225,56.2667),(226,35.6533),(227,104.838),(228,54.375),(229,31.0867),(230,43.8033),(231,55.3533),(232,57.86),(233,32.9017),(234,53.3733),(235,60.5877),(236,42.5473),(237,56.0745),(238,54.9817),(239,55.3308),(240,110.611),(241,57.0877),(242,53.9715),(243,45.6088),(244,53.4788),(245,45.1955),(246,65.5255),(247,54.4063),(248,36.3982),(249,53.1995),(250,52.3047),(251,29.0752),(252,11.4908),(253,53.7875),(254,53.839),(255,37.5892),(256,53.0013),(257,53.5455),(258,132.919),(259,42.4247),(260,52.9627),(261,41.7272),(262,50.0877),(263,40.4973),(264,27.9875),(265,9.95883),(266,35.3112),(267,40.8882),(268,45.0073),(269,37.4602),(270,36.3567),(271,40.6357),(272,42.9218),(273,35.891),(274,33.5012),(275,33.9197),(276,9.72833),(277,55.7027),(278,55.5175),(279,39.3838),(280,36.8095),(281,37.2722),(282,9.29667),(283,55.4173),(284,37.7268),(285,8.91033),(286,53.1033),(287,51.5765),(288,53.7548),(289,89.229),(290,73.341),(291,17.3823),(292,56.567),(293,37.2607),(294,37.1222),(295,43.4257),(296,42.4172),(297,37.488),(298,41.0057),(299,35.84),(300,38.4048),(301,36.1092),(302,33.9074),(303,40.7757),(304,35.3193),(305,35.2433),(306,9.00583),(307,32.8428),(308,36.8963),(309,9.493),(310,59.1377),(311,45.2922),(312,34.755),(313,9.54667),(314,35.471),(315,47.946),(316,42.8633),(317,37.0037),(318,35.5452),(319,44.5485),(320,10.7958),(321,48.0713),(322,41.2782),(323,38.6225),(324,35.8442),(325,34.0747),(326,50.251),(327,36.0865),(328,35.7455),(329,52.4222),(330,52.807),(331,146.033),(332,74.4025),(333,52.0838),(334,52.6373),(335,53.7032),(336,51.5415),(337,36.3455),(338,35.4895),(339,48.0718),(340,46.718),(342,51.0472),(343,52.9788),(344,27.2533),(345,21.5027),(346,51.6405),(347,51.9977),(348,50.186),(349,46.625),(350,50.5665),(351,27.6393),(353,24.876),(354,52.4477),(355,50.8788),(356,35.4967),(357,36.4715),(358,43.0822),(359,50.5477),(360,85.958),(361,38.2967),(362,48.018),(363,39.885),(364,47.2993),(365,50.8317),(366,62.3918),(367,40.8432),(368,35.1648),(369,36.4475),(370,36.4945),(371,36.7918),(372,39.8583),(373,29.4128),(374,46.0232),(375,34.5827),(376,36.6997),(377,45.075),(378,101.598),(379,54.4668),(380,9.7145),(381,49.5855),(382,9.425),(384,49.7548),(385,50.9973),(386,54.2628),(387,49.0788),(388,52.6615),(389,165.233),(390,54.8188),(391,32.865),(392,34.6358),(393,45.0863),(394,51.5143),(395,19.5307),(396,48.505),(397,35.589),(398,27.2443),(399,62.3767),(400,10.5738),(401,28.999),(402,34.6195),(403,128.823),(404,47.4182),(405,49.3387),(406,51.2708),(407,51.946),(408,51.8305),(409,55.6255),(410,43.4248),(411,57.9047),(412,52.352),(413,59.1745),(414,18.0815),(415,24.4193),(416,33.7288),(417,31.8447),(418,33.4538),(419,28.5425),(420,32.4523),(421,168.7),(422,17.9982),(423,38.8698),(424,19.2847),(425,20.638),(426,33.7635),(427,32.5245),(428,52.1783),(429,35.1945),(430,9.46817),(431,28.4167),(432,15.25),(433,59.1333),(434,69.8833),(435,56.85),(436,34.9),(437,34.5333),(438,31.3833),(440,26.65),(441,49.9167),(442,43.6667),(443,21.55),(444,4.05),(445,11.2),(446,41.25),(447,34.1667),(448,29.8667),(449,36.6167),(450,32.9167),(451,14.0167),(452,37.95),(453,34.8762),(454,74.3892),(455,34.5648),(456,21.55),(457,20.2618),(458,27.214),(459,41.7193),(460,30.9292),(461,30.9987),(462,27.5685),(463,19.8733),(464,135.55),(465,29.466),(466,40.089),(467,32.5597),(468,14.1893),(469,20.0403),(470,20.3103),(471,31.0925),(472,36.2102),(473,39.6378),(474,14.0247),(475,33.4428),(476,36.5012),(477,33.391),(478,3.446),(479,29.0012),(480,34.053),(481,33.3068),(482,22.4553),(483,19.6332),(484,29.0175),(485,18.7682),(486,33.2968),(487,47.9467),(488,48.7667),(489,15.432),(490,35.438),(491,33.8808),(492,15.561),(493,19.8442),(494,22.9905),(495,15.7115),(496,35.0407),(497,34.814),(498,30.2772),(499,32.1385),(500,32.2775),(501,40.3125),(502,34.8803),(503,49.2905),(504,25.1757),(505,40.5677),(506,16.6927),(507,49.4158),(508,51.1827),(509,51.137),(510,70.3573),(511,35.5475),(512,96.4953),(513,59.7928),(514,33.7745),(515,42.4743),(516,64.4505),(517,34.8615),(518,34.3843),(519,18.557),(520,14.0137),(521,33.0438),(522,34.1642),(523,63.0157),(524,25.7317),(525,45.5833),(526,18.152),(527,36.93),(528,32.8433),(529,14.1033),(530,19.3833),(531,36.6183),(532,50.2333),(533,32.5183),(534,14.2633),(535,34.6817),(536,34.0883),(537,15.1683),(538,39.88),(539,14.935),(540,33.7667),(541,15.1833),(542,17.636),(543,13.6083),(544,39.5812),(545,54.2037),(546,52.6928),(547,50.1448),(548,26.4748),(549,37.1077),(550,15.163),(551,46.8762),(552,21.443),(553,67.3598),(554,35.3823),(555,14.9785),(556,38.701),(557,14.8432),(558,34.463),(559,34.44),(560,14.2722),(561,14.5498),(562,16.2885),(563,35.4742),(564,54.0457),(565,35.4472),(566,29.6638),(567,36.524),(568,15.657),(569,14),(570,9.7265),(571,17.9368),(572,14.2725),(573,35.1887),(574,8.907),(575,16.9528),(576,51.3478),(577,22.0175),(578,15.4508),(579,35.8768),(580,13.7345),(581,49.7678),(582,25),(583,24.4195),(584,27.3633),(585,29.3538),(586,3),(587,24.1938),(588,26.9025),(589,48.1925),(590,41.393),(591,25.1198),(592,25.011),(593,48.276),(594,24.9213),(595,23.6775),(596,27.0633),(597,58.9623),(598,46.2467),(599,26.4963),(600,17.6032),(601,19.8083),(602,10.6483),(603,38.1405),(604,48.9067),(605,30.808),(606,48.8758),(607,24.5),(608,32.4182),(609,36.494),(610,32.5953),(611,25.2127),(612,26.704),(613,40.1178),(614,34.1743),(615,25.2133),(616,24.2623),(617,50.5075),(618,48.6475),(620,78),(622,23.6955),(623,31.6335),(624,47.6125),(625,43.2637),(626,39.476),(627,23.222),(628,18.1652),(629,23.4527),(632,38.812),(633,38.4205),(634,39.5777),(635,6.50583),(636,104.15),(637,26.1938),(638,40.789),(639,35.6137),(641,75.8105),(642,50.4037),(643,25.437),(644,55.6653),(645,49.112),(646,24.3528),(647,41.3697),(648,24.4702),(649,43.2605),(650,15.87),(651,39.1223),(652,27.8885),(653,16.0525),(654,16.8223),(655,22.2852),(656,22.4543),(657,32.691),(658,40.7143),(659,24.8487),(660,39.911),(661,51.796),(662,11.8133),(663,12.9273),(664,40.1415),(665,150),(666,43.2665),(667,55),(668,27.2238),(669,25.8012),(670,26.098),(671,15.933),(672,37.5223),(673,30.2017),(674,41.766),(675,39.6688),(676,147.839),(677,42.1598),(678,42.7945),(679,44.2288),(680,44.7197),(681,26.5162),(682,59.6273),(683,56.318),(684,54.0738),(685,40.4333),(686,60.498),(687,28.1652),(688,29.0613),(689,39.8282),(690,52.8085),(691,37.3847),(692,54.6272),(693,41.433),(694,25.3002),(695,78.9188),(696,21.4722),(697,12.1817),(698,41.4765),(699,45.0088),(700,24.5857),(701,27.3148),(702,54.1953),(703,23.4985),(704,40.0167),(705,44.4843),(706,33.9097),(707,117.076),(708,39),(709,41.59),(710,15.6298),(711,51.5647),(712,26.744),(713,25.2352),(714,44.4418),(715,25.1023),(716,39.5765),(717,54.8515),(718,44.0235),(719,54.5722),(720,30.5458),(721,48.0593),(722,51.2895),(723,42.4913),(724,39.8395),(725,25.3932),(726,43.9635),(727,54.204),(728,31.4968),(729,63.0958),(730,46.0822),(731,46.7068),(732,53.868),(733,51.008),(734,34.7007),(735,47.1472),(736,52.8019),(737,48.2372),(738,22.4088),(739,31.7123),(740,41.6805),(741,51.7532),(745,41.9008),(746,40.9365),(747,40.2285),(748,48.7007),(749,30.5647),(750,39.6122),(751,46.5695),(752,11.3488),(753,39.1137),(754,40.5505),(755,40.1663),(756,45.6178),(757,37.0742),(758,37.9793),(759,40.864),(760,39.196),(761,38.6398),(762,14.1962),(763,17.359),(764,25.3297),(765,42.2832),(766,36.4617),(767,30.8915),(768,42.216),(769,40.0433),(770,46.3177),(771,16.5665),(772,15.0667),(773,24.817),(774,41.4025),(775,41.1662),(776,23.8933),(777,44.4015),(778,41.2702),(779,51.233),(780,36.5723),(781,24.201),(782,41.2858),(783,51.2413),(784,24.604),(785,39.0805),(786,38.629),(787,49.7355),(788,33.5273),(789,46.3827),(790,25.1148),(791,39.8212),(792,44.1925),(793,39.4199),(794,45.3592),(795,43.215),(796,41.8597),(797,53.741),(798,16.5938),(799,26.658),(800,50.9362),(801,9.7095),(802,24.9383),(803,51.0623),(804,42.4382),(805,37.1843),(806,41.8647),(807,41.346),(808,50.9038),(809,56.797),(810,26.9125),(811,50.8488),(812,15.0047),(813,41.8857),(814,41.9798),(815,54.4743),(816,22.9298),(817,45.862),(818,44.2607),(819,24.1278),(820,40.9328),(821,38.0427),(822,53.4228),(823,45.2282),(824,39.1753),(825,149.848),(826,15.4667),(827,33.606),(828,43.8137),(829,27.3565),(830,28.3335),(831,44.0628),(832,43.6963),(833,25.192),(834,51.7823),(835,41.8662),(836,40.7685),(837,36.493),(838,42.4168),(840,14.1635),(841,39.298),(842,30.0093),(843,42.2967),(844,43.636),(845,47.2195),(846,41.5785),(847,48.6028),(848,43.0505),(849,58.0357),(850,26.1658),(851,47.2372),(852,57.1322),(853,8.41483),(854,52.5383),(855,49.7985),(856,24.1452),(857,113),(858,45.4658),(859,46.2562),(860,50.4545),(861,55.8493),(862,52.4373),(863,57.2375),(864,48.2368),(865,64.6757),(866,49.1627),(867,54.062),(868,50.4778),(869,55.958),(870,55.1215),(871,50.8168),(872,54.5522),(873,17.8202),(874,56.4052),(875,65.1683),(876,9.31283),(877,56.7857),(878,51.7012),(879,51.8573),(880,49.2472),(881,55.0268),(882,46.8835),(883,50.6882),(884,46.2097),(885,80.55),(886,58.3852),(887,66.7659),(888,60.2198),(889,52.8645),(890,49.629),(891,59.9182),(892,63.527),(893,50.4767),(894,51.1957),(895,54.3873),(896,58.9468),(897,62.2722),(898,61.8455),(899,50.3777),(900,59.9315),(901,50.7872),(902,48.865),(903,8.8835),(904,55.3855),(905,61.9138),(906,56.0812),(907,51.9682),(908,21.0705),(909,48.0617),(910,53.9835),(911,34.1282),(912,198.683),(913,50.2067),(914,52.2338),(915,50.3548),(916,24.1078),(917,56.0408),(918,51.9983),(919,52.9398),(920,54.608),(921,52.2927),(922,58.3208),(923,46.5388),(924,49.7448),(925,49.9147),(926,51.931),(927,51.7052),(928,50.565),(929,49.923),(930,45.8432),(931,54.2528),(932,55.6435),(933,90.5375),(934,50.624),(935,54.9782),(936,56.49),(937,67.6037),(938,54.1897),(939,50.4942),(940,43.7002),(941,70.8),(942,63.3062),(943,60.4418),(944,16.4748),(945,54.943),(946,49.584),(947,9.84367),(948,9.9015),(949,30.4182),(951,8.55717),(952,50.9003),(953,53.153),(954,51.1682),(955,53.1913),(956,48.1768),(957,15.7878),(958,47.3207),(959,44.9237),(960,55.0943),(961,99.0567),(962,49.6452),(963,52.0913),(964,56.0775),(965,51.1028),(966,49.9543),(967,54.5083),(968,56.586),(969,50),(970,54.0445),(971,55.6115),(975,52.8612),(976,65),(977,59.2733),(979,32.7153),(980,55.2527),(981,58.5),(982,28.6377),(985,28.5),(986,60.1833),(987,55.2167),(988,52.6617),(989,53.4093),(990,52.5948),(991,55.6877),(993,68.3958),(994,56.3607),(995,60.4),(996,28.4503),(997,53.4225),(998,54.8172),(999,63.5833),(1000,55.1167),(1001,52.6617),(1002,46.5013),(1003,26.0115),(1004,58.0192),(1007,53.7188),(1008,56.5183),(1009,57.5717),(1010,55.1055),(1011,60.1333),(1012,60.1333),(1013,56.251),(1014,56.8235),(1019,74.5333),(1020,16.624),(1021,58.6263),(1023,58.9395),(1024,56.25),(1025,52.7215),(1026,57.456),(1027,52.1288),(1028,51.1907),(1029,52.7912),(1030,8.92283),(1031,31.9723),(1032,53.9633),(1033,36.485),(1034,50.9082),(1035,53.9087),(1036,51.1598),(1037,55.8807),(1038,52.614),(1039,59.0007),(1040,26.7087),(1041,28.118),(1042,24.6912),(1043,31.5167),(1044,54.547),(1045,9.116),(1046,99.1667),(1047,59.545),(1048,54.7073),(1050,54.3543),(1051,25.2097),(1052,26.648),(1053,52.573),(1055,55.8613),(1056,50.6207),(1057,53.3783),(1058,49.9718),(1059,56.6375),(1060,131.417),(1061,55.6302),(1062,26.3168),(1063,120.005),(1064,50.2203),(1065,54.877),(1066,51.3153),(1067,53.9103),(1068,50.3937),(1069,57.8882),(1070,51.0168),(1071,151.383),(1072,50.715),(1073,51.9785),(1074,65.95),(1075,64.3333),(1076,73.3833),(1077,27.1073),(1078,31.4457),(1079,74.2363),(1080,27.5258),(1081,60.25),(1082,165.967),(1083,53),(1084,36.012),(1085,51.9457),(1086,56.1572),(1087,51.3883),(1088,52.6917),(1089,52.2313),(1090,51.8313),(1091,119.133),(1092,53.5505),(1094,50.1888),(1096,26.2353),(1098,57.4542),(1107,51.0983),(1108,176.517),(1109,57.4513),(1110,55.0642),(1111,54.8543),(1112,51.8735),(1113,47.3553),(1114,49.4987),(1115,24.6595),(1118,176.933),(1119,43.8345),(1120,159.15),(1121,24.3687),(1122,27.537),(1123,44.4742),(1124,49.8503),(1126,49.7933),(1127,51.0745),(1128,48.3723),(1129,306.083),(1130,145.7),(1131,50.5803),(1132,25.1027),(1133,24.5942),(1134,50.7997),(1135,51.293),(1136,48.5783),(1137,49.9868),(1139,25.7258),(1140,49.0733),(1141,48.591),(1142,207),(1143,50.2167),(1144,365.633),(1145,222),(1146,115.017),(1147,242.883),(1148,25.9095),(1149,25.2582),(1150,51.2285),(1151,28.0667),(1154,46.4688),(1155,51.299),(1156,48.5802),(1157,43.973),(1158,25.2422),(1159,22.7608),(1160,47.8623),(1161,48.6843),(1162,41.899),(1163,51.6263),(1164,50.3965),(1165,47.2623),(1166,49.598),(1167,51.9247),(1168,24.8432),(1169,51.9313),(1170,25.3997),(1171,55.7303),(1172,55.3515),(1173,58.9568),(1174,0.297253),(1175,53.641);
/*!40000 ALTER TABLE `activity_durations` ENABLE KEYS */;
UNLOCK TABLES;

--
-- Table structure for table `activity_equipment`
--

DROP TABLE IF EXISTS `activity_equipment`;
/*!40101 SET @saved_cs_client     = @@character_set_client */;
/*!40101 SET character_set_client = utf8 */;
CREATE TABLE `activity_equipment` (
  `activity_id` int(11) NOT NULL,
  `equipment_id` int(11) NOT NULL,
  PRIMARY KEY (`activity_id`),
  KEY `fk_activity_equipment_1_idx` (`activity_id`),
  KEY `fk_activity_equipment_2_idx` (`equipment_id`),
  CONSTRAINT `fk_activity_equipment_2` FOREIGN KEY (`equipment_id`) REFERENCES `equipment` (`equipment_id`),
  CONSTRAINT `fk_activity_equipment_activities` FOREIGN KEY (`activity_id`) REFERENCES `activities` (`activity_id`)
) ENGINE=InnoDB DEFAULT CHARSET=utf8;
/*!40101 SET character_set_client = @saved_cs_client */;

--
-- Dumping data for table `activity_equipment`
--

LOCK TABLES `activity_equipment` WRITE;
/*!40000 ALTER TABLE `activity_equipment` DISABLE KEYS */;
INSERT INTO `activity_equipment` VALUES (331,1),(389,1),(399,1),(421,1),(422,1),(438,1),(439,1),(445,1),(446,1),(464,1),(465,1),(466,1),(467,1),(504,1),(636,1),(651,1),(652,1),(665,1),(676,1),(692,1),(825,1),(857,1),(885,1),(886,1),(906,1),(912,1),(933,1),(956,1),(958,1),(1060,1),(1063,1),(1071,1),(1082,1),(1091,1),(1108,1),(1118,1),(1120,1),(1129,1),(1130,1),(1142,1),(1143,1),(1144,1),(1145,1),(1146,1),(1147,1),(1,2),(2,2),(3,2),(4,2),(5,2),(6,2),(7,2),(8,2),(9,2),(10,2),(11,2),(12,2),(13,2),(14,2),(15,2),(16,2),(17,2),(18,2),(19,2),(20,2),(21,2),(22,2),(23,2),(24,2),(25,2),(26,2),(27,2),(28,2),(29,2),(30,2),(31,2),(32,2),(33,2),(34,2),(35,2),(36,2),(37,2),(38,2),(39,2),(40,2),(41,2),(42,2),(43,2),(44,2),(45,2),(46,2),(47,2),(48,2),(49,2),(50,2),(51,2),(52,2),(53,2),(54,2),(55,2),(56,2),(57,2),(58,2),(59,2),(60,2),(61,2),(62,2),(63,2),(64,2),(65,2),(66,2),(67,2),(68,2),(69,2),(70,2),(71,2),(72,2),(73,2),(74,2),(75,2),(76,2),(77,2),(78,2),(79,2),(80,2),(81,2),(82,2),(83,2),(84,2),(85,2),(86,2),(87,2),(88,2),(89,2),(90,2),(91,2),(92,2),(93,2),(94,2),(95,2),(96,2),(97,2),(98,2),(99,2),(100,2),(101,2),(102,2),(103,2),(104,2),(105,2),(106,2),(107,2),(108,2),(109,2),(110,2),(111,2),(112,2),(113,2),(114,2),(115,2),(116,2),(117,2),(118,2),(119,2),(120,2),(121,2),(122,2),(123,2),(124,2),(125,2),(126,2),(127,2),(128,2),(129,2),(130,2),(131,2),(132,2),(133,2),(134,2),(135,2),(136,2),(137,2),(138,2),(139,2),(140,2),(141,2),(142,2),(143,2),(144,2),(145,2),(146,2),(147,2),(148,2),(149,2),(150,2),(151,2),(152,2),(153,2),(154,2),(155,2),(156,2),(157,2),(158,2),(159,2),(160,2),(161,2),(162,2),(163,2),(164,2),(165,2),(166,2),(167,2),(168,2),(169,2),(170,2),(171,2),(172,2),(173,2),(174,2),(175,2),(176,2),(177,2),(178,2),(179,2),(180,2),(181,2),(182,2),(183,2),(184,2),(185,2),(186,2),(187,2),(188,2),(189,2),(190,2),(191,2),(192,2),(193,2),(194,2),(195,2),(196,2),(197,2),(198,2),(199,2),(200,2),(201,2),(202,2),(203,2),(204,2),(205,2),(206,2),(207,2),(208,2),(209,2),(210,2),(211,2),(212,2),(213,2),(214,2),(215,2),(216,2),(217,2),(218,2),(219,2),(220,2),(221,2),(222,2),(223,2),(224,2),(225,2),(226,2),(227,2),(228,2),(229,2),(230,2),(231,2),(232,2),(233,2),(234,2),(235,2),(236,2),(237,2),(238,2),(239,2),(240,2),(241,2),(242,2),(243,2),(244,2),(245,2),(246,2),(247,2),(248,2),(249,2),(250,2),(251,2),(252,2),(253,2),(254,2),(255,2),(256,2),(257,2),(258,2),(259,2),(260,2),(261,2),(262,2),(263,2),(264,2),(265,2),(266,2),(267,2),(268,2),(269,2),(270,2),(271,2),(272,2),(273,2),(274,2),(275,2),(276,2),(277,2),(278,2),(279,2),(280,2),(281,2),(282,2),(283,2),(284,2),(285,2),(286,2),(287,2),(288,2),(289,2),(290,2),(291,2),(292,2),(293,2),(294,2),(295,2),(296,2),(297,2),(298,2),(299,2),(300,2),(301,2),(302,2),(303,2),(304,2),(305,2),(306,2),(307,2),(308,2),(309,2),(310,2),(311,2),(312,2),(313,2),(314,2),(315,2),(316,2),(317,2),(318,2),(319,2),(320,2),(321,2),(322,2),(323,2),(324,2),(325,2),(326,2),(327,2),(328,2),(329,2),(330,2),(332,2),(333,2),(334,2),(335,2),(336,2),(337,2),(338,2),(339,2),(340,2),(342,2),(343,2),(344,2),(345,2),(346,2),(347,2),(348,2),(349,2),(350,2),(351,2),(353,2),(354,2),(355,2),(356,2),(357,2),(358,2),(359,2),(360,2),(361,2),(362,2),(363,2),(364,2),(365,2),(366,2),(367,2),(368,2),(369,2),(370,2),(371,2),(372,2),(373,2),(374,2),(375,2),(376,2),(377,2),(378,2),(379,2),(380,2),(381,2),(382,2),(384,2),(385,2),(386,2),(387,2),(388,2),(390,2),(391,2),(392,2),(393,2),(394,2),(395,2),(396,2),(397,2),(398,2),(400,2),(401,2),(402,2),(403,2),(404,2),(405,2),(406,2),(407,2),(408,2),(409,2),(410,2),(411,2),(412,2),(413,2),(414,2),(415,2),(416,2),(417,2),(418,2),(419,2),(420,2),(423,2),(424,2),(425,2),(426,2),(427,2),(428,2),(429,2),(430,2),(431,2),(432,2),(433,2),(434,2),(435,2),(436,2),(437,2),(440,2),(441,2),(442,2),(443,2),(444,2),(447,2),(448,2),(449,2),(450,2),(451,2),(452,2),(453,2),(454,2),(455,2),(456,2),(457,2),(458,2),(459,2),(460,2),(461,2),(462,2),(463,2),(468,2),(469,2),(470,2),(471,2),(472,2),(473,2),(474,2),(475,2),(476,2),(477,2),(478,2),(479,2),(480,2),(481,2),(482,2),(483,2),(484,2),(485,2),(486,2),(487,2),(488,2),(489,2),(490,2),(491,2),(492,2),(493,2),(494,2),(495,2),(496,2),(497,2),(498,2),(499,2),(500,2),(501,2),(502,2),(503,2),(505,2),(506,2),(507,2),(508,2),(509,2),(510,2),(511,2),(512,2),(513,2),(514,2),(515,2),(516,2),(517,2),(518,2),(519,2),(520,2),(521,2),(522,2),(523,2),(524,2),(525,2),(526,2),(527,2),(528,2),(529,2),(530,2),(531,2),(532,2),(533,2),(534,2),(535,2),(536,2),(537,2),(538,2),(539,2),(540,2),(541,2),(542,2),(543,2),(544,2),(545,2),(546,2),(547,2),(548,2),(549,2),(550,2),(551,2),(552,2),(553,2),(554,2),(555,2),(556,2),(557,2),(558,2),(559,2),(560,2),(561,2),(562,2),(563,2),(564,2),(565,2),(566,2),(567,2),(568,2),(569,2),(570,2),(571,2),(572,2),(573,2),(574,2),(575,2),(576,2),(577,2),(578,2),(579,2),(580,2),(581,2),(582,2),(583,2),(584,2),(585,2),(586,2),(587,2),(588,2),(589,2),(590,2),(591,2),(592,2),(593,2),(594,2),(595,2),(596,2),(597,2),(598,2),(599,2),(600,2),(601,2),(602,2),(603,2),(604,2),(605,2),(606,2),(607,2),(608,2),(609,2),(610,2),(611,2),(612,2),(613,2),(614,2),(615,2),(616,2),(617,2),(618,2),(620,2),(622,2),(623,2),(624,2),(625,2),(626,2),(627,2),(628,2),(629,2),(632,2),(633,2),(634,2),(635,2),(637,2),(638,2),(639,2),(641,2),(642,2),(643,2),(644,2),(645,2),(646,2),(647,2),(648,2),(649,2),(650,2),(653,2),(654,2),(655,2),(656,2),(657,2),(658,2),(659,2),(660,2),(661,2),(662,2),(663,2),(664,2),(666,2),(667,2),(668,2),(669,2),(670,2),(671,2),(672,2),(673,2),(674,2),(675,2),(677,2),(678,2),(679,2),(680,2),(681,2),(682,2),(683,2),(684,2),(685,2),(686,2),(687,2),(688,2),(689,2),(690,2),(691,2),(693,2),(694,2),(695,2),(696,2),(697,2),(698,2),(699,2),(700,2),(701,2),(702,2),(703,2),(704,2),(705,2),(706,2),(707,2),(708,2),(709,2),(710,2),(711,2),(712,2),(713,2),(714,2),(715,2),(716,2),(717,2),(718,2),(719,2),(720,2),(721,2),(722,2),(723,2),(724,2),(725,2),(726,2),(727,2),(728,2),(729,2),(730,2),(731,2),(732,2),(733,2),(734,2),(735,2),(736,2),(737,2),(738,2),(739,2),(740,2),(741,2),(745,2),(746,2),(747,2),(748,2),(749,2),(750,2),(751,2),(752,2),(753,2),(754,2),(755,2),(756,2),(757,2),(758,2),(759,2),(760,2),(761,2),(762,2),(763,2),(764,2),(765,2),(766,2),(767,2),(768,2),(769,2),(770,2),(771,2),(772,2),(773,2),(774,2),(775,2),(776,2),(777,2),(778,2),(779,2),(780,2),(781,2),(782,2),(783,2),(784,2),(785,2),(786,2),(787,2),(788,2),(789,2),(790,2),(791,2),(792,2),(793,2),(794,2),(795,2),(796,2),(797,2),(798,2),(799,2),(800,2),(801,2),(802,2),(803,2),(804,2),(805,2),(806,2),(807,2),(808,2),(809,2),(810,2),(811,2),(812,2),(813,2),(814,2),(815,2),(816,2),(817,2),(818,2),(819,2),(820,2),(821,2),(822,2),(823,2),(824,2),(826,2),(827,2),(828,2),(829,2),(830,2),(831,2),(832,2),(833,2),(834,2),(835,2),(836,2),(837,2),(838,2),(840,2),(841,2),(842,2),(843,2),(844,2),(845,2),(846,2),(847,2),(848,2),(849,2),(850,2),(851,2),(852,2),(853,2),(854,2),(855,2),(856,2),(858,2),(859,2),(860,2),(861,2),(862,2),(863,2),(864,2),(865,2),(866,2),(867,2),(868,2),(869,2),(870,2),(871,2),(872,2),(873,2),(874,2),(875,2),(876,2),(877,2),(878,2),(879,2),(880,2),(881,2),(882,2),(883,2),(884,2),(887,2),(888,2),(889,2),(890,2),(891,2),(892,2),(893,2),(894,2),(895,2),(896,2),(897,2),(898,2),(899,2),(900,2),(901,2),(902,2),(903,2),(904,2),(905,2),(907,2),(908,2),(909,2),(910,2),(911,2),(913,2),(914,2),(915,2),(916,2),(917,2),(918,2),(919,2),(920,2),(921,2),(922,2),(923,2),(924,2),(925,2),(926,2),(927,2),(928,2),(929,2),(930,2),(931,2),(932,2),(934,2),(935,2),(936,2),(937,2),(938,2),(939,2),(940,2),(941,2),(942,2),(943,2),(944,2),(945,2),(946,2),(947,2),(948,2),(949,2),(951,2),(952,2),(953,2),(954,2),(955,2),(957,2),(959,2),(960,2),(961,2),(962,2),(963,2),(964,2),(965,2),(966,2),(967,2),(968,2),(969,2),(970,2),(971,2),(972,2),(973,2),(974,2),(975,2),(976,2),(977,2),(978,2),(979,2),(980,2),(981,2),(982,2),(983,2),(984,2),(985,2),(986,2),(987,2),(988,2),(989,2),(990,2),(991,2),(992,2),(993,2),(994,2),(995,2),(996,2),(997,2),(998,2),(999,2),(1000,2),(1001,2),(1002,2),(1003,2),(1004,2),(1005,2),(1006,2),(1007,2),(1008,2),(1009,2),(1010,2),(1011,2),(1012,2),(1013,2),(1014,2),(1016,2),(1017,2),(1019,2),(1020,2),(1021,2),(1022,2),(1023,2),(1024,2),(1025,2),(1026,2),(1027,2),(1028,2),(1029,2),(1030,2),(1031,2),(1032,2),(1033,2),(1034,2),(1035,2),(1036,2),(1037,2),(1038,2),(1039,2),(1040,2),(1041,2),(1042,2),(1043,2),(1044,2),(1045,2),(1046,2),(1047,2),(1048,2),(1049,2),(1050,2),(1051,2),(1052,2),(1053,2),(1054,2),(1055,2),(1056,2),(1057,2),(1058,2),(1059,2),(1061,2),(1062,2),(1064,2),(1065,2),(1066,2),(1067,2),(1068,2),(1069,2),(1070,2),(1072,2),(1073,2),(1074,2),(1075,2),(1076,2),(1077,2),(1078,2),(1079,2),(1080,2),(1081,2),(1083,2),(1084,2),(1085,2),(1086,2),(1087,2),(1088,2),(1089,2),(1090,2),(1092,2),(1093,2),(1094,2),(1095,2),(1096,2),(1097,2),(1098,2),(1099,2),(1100,2),(1101,2),(1102,2),(1103,2),(1104,2),(1105,2),(1106,2),(1107,2),(1109,2),(1110,2),(1111,2),(1112,2),(1113,2),(1114,2),(1115,2),(1116,2),(1117,2),(1119,2),(1121,2),(1122,2),(1123,2),(1124,2),(1125,2),(1126,2),(1127,2),(1128,2),(1131,2),(1132,2),(1133,2),(1134,2),(1135,2),(1136,2),(1137,2),(1138,2),(1139,2),(1140,2),(1141,2),(1148,2),(1149,2),(1150,2),(1151,2),(1154,2),(1155,2),(1156,2),(1157,2),(1158,2),(1159,2),(1160,2),(1161,2),(1162,2),(1163,2),(1164,2),(1165,2),(1166,2),(1167,2),(1168,2),(1169,2),(1170,2),(1171,2),(1172,2),(1173,2),(1174,2),(1175,2);
/*!40000 ALTER TABLE `activity_equipment` ENABLE KEYS */;
UNLOCK TABLES;

--
-- Table structure for table `activity_non_route_distances`
--

DROP TABLE IF EXISTS `activity_non_route_distances`;
/*!40101 SET @saved_cs_client     = @@character_set_client */;
/*!40101 SET character_set_client = utf8 */;
CREATE TABLE `activity_non_route_distances` (
  `activity_id` int(11) NOT NULL,
  `distance_miles` double NOT NULL,
  PRIMARY KEY (`activity_id`),
  CONSTRAINT `FK_ride_distances_rides` FOREIGN KEY (`activity_id`) REFERENCES `activities` (`activity_id`)
) ENGINE=InnoDB DEFAULT CHARSET=utf8;
/*!40101 SET character_set_client = @saved_cs_client */;

--
-- Dumping data for table `activity_non_route_distances`
--

LOCK TABLES `activity_non_route_distances` WRITE;
/*!40000 ALTER TABLE `activity_non_route_distances` DISABLE KEYS */;
INSERT INTO `activity_non_route_distances` VALUES (1,12.149252891540527),(2,8.399482727050781),(3,8.399482727050781),(4,13.69915771484375),(5,13.69915771484375),(6,15.119070053100586),(7,13.69915771484375),(8,13.69915771484375),(9,13.69915771484375),(10,6.549597263336182),(11,12.079257011413574),(12,13.69915771484375),(13,13.69915771484375),(14,8.399482727050781),(15,13.69915771484375),(16,13.69915771484375),(17,13.69915771484375),(18,13.339179039001465),(19,13.69915771484375),(20,10.499353408813477),(21,13.69915771484375),(22,2.129868984222412),(23,13.69915771484375),(24,13.69915771484375),(25,13.69915771484375),(26,2.132868766784668),(27,13.69915771484375),(28,10.969325065612793),(29,4.199741363525391),(30,4.199741363525391),(31,6.399606227874756),(32,13.69915771484375),(33,13.69915771484375),(34,2.129868984222412),(35,13.69915771484375),(36,13.69915771484375),(37,13.69915771484375),(38,10.199372291564941),(39,3.4997847080230713),(40,10.869330406188965),(41,13.69915771484375),(42,13.69915771484375),(43,13.69915771484375),(44,6.653690814971924),(45,13.089194297790527),(46,13.69915771484375),(47,13.69915771484375),(48,6.68958854675293),(49,6.699587821960449),(50,13.69915771484375),(51,12.999200820922852),(52,8.399482727050781),(53,21.758060455322266),(54,13.69915771484375),(55,6.639591217041016),(56,6.639591217041016),(57,13.69915771484375),(58,13.69915771484375),(59,13.69915771484375),(60,13.499170303344727),(61,15.399053573608398),(62,6.57959508895874),(63,20.448741912841797),(64,13.69915771484375),(65,8.399482727050781),(66,15.29905891418457),(67,13.499170303344727),(68,13.499170303344727),(69,13.69915771484375),(70,13.69915771484375),(71,6.617392539978027),(72,6.714487075805664),(73,13.499170303344727),(74,13.499170303344727),(75,19.80828285217285),(76,13.499170303344727),(77,13.499170303344727),(78,6.6992878913879395),(79,6.6992878913879395),(80,13.499170303344727),(81,13.499170303344727),(82,13.499170303344727),(83,13.69915771484375),(84,13.69915771484375),(85,6.7113871574401855),(86,10.799336433410645),(87,13.69915771484375),(88,13.499170303344727),(89,13.808950424194336),(90,8.399482727050781),(91,13.499170303344727),(92,8.743561744689941),(93,13.499170303344727),(94,13.69915771484375),(95,13.499170303344727),(96,13.499170303344727),(97,6.699587821960449),(98,6.809581279754639),(99,13.69915771484375),(100,13.894145011901855),(101,13.69915771484375),(102,13.69915771484375),(103,13.499170303344727),(104,17.323135375976562),(105,13.499170303344727),(106,13.499170303344727),(107,13.499170303344727),(108,14.147529602050781),(109,17.240039825439453),(110,13.499170303344727),(111,13.69915771484375),(112,13.499170303344727),(113,13.787151336669922),(114,13.499170303344727),(115,13.69915771484375),(116,13.69915771484375),(117,13.499170303344727),(118,13.93154239654541),(119,8.399482727050781),(120,6.186819076538086),(121,8.399482727050781),(122,8.399482727050781),(123,8.399482727050781),(124,8.399482727050781),(125,8.399482727050781),(126,2.5946402549743652),(127,15.510046005249023),(128,8.399482727050781),(129,8.399482727050781),(130,8.399482727050781),(131,10.37256145477295),(132,8.399482727050781),(133,9.060042381286621),(134,13.499170303344727),(135,9.242931365966797),(136,13.499170303344727),(137,10.689642906188965),(138,14.329218864440918),(139,14.199127197265625),(140,19.848779678344727),(141,13.78335189819336),(142,17.208040237426758),(143,13.865447044372559),(144,8.868054389953613),(145,20.050565719604492),(146,13.86404800415039),(147,19.883377075195312),(148,13.785151481628418),(149,13.86144733428955),(150,13.794951438903809),(151,9.036844253540039),(152,9.339725494384766),(153,9.262430191040039),(154,16.590280532836914),(155,13.831648826599121),(156,13.804550170898438),(157,14.520206451416016),(158,13.799151420593262),(159,27.730993270874023),(160,8.873953819274902),(161,8.873953819274902),(162,14.516006469726562),(163,8.899452209472656),(164,14.108832359313965),(165,11.198911666870117),(166,3.8997600078582764),(167,3.8997600078582764),(168,13.982239723205566),(169,14.115832328796387),(170,15.379754066467285),(171,13.822449684143066),(172,2.6136393547058105),(173,18.364971160888672),(174,19.160921096801758),(175,13.799151420593262),(176,13.799151420593262),(177,13.799151420593262),(178,27.743492126464844),(179,10.521852493286133),(180,10.690942764282227),(181,14.097733497619629),(182,13.799151420593262),(183,13.799151420593262),(184,14.445711135864258),(185,11.13941478729248),(186,8.843055725097656),(187,13.799151420593262),(188,16.42898941040039),(189,13.799151420593262),(190,14.02973747253418),(191,25.956403732299805),(192,17.09634780883789),(193,13.971440315246582),(194,13.799151420593262),(195,13.799151420593262),(196,28.437850952148438),(197,23.65864372253418),(198,1.2469233274459839),(199,14.094033241271973),(200,13.799151420593262),(201,27.791290283203125),(202,13.773152351379395),(203,13.799151420593262),(204,10.178174018859863),(205,19.44170379638672),(206,13.799151420593262),(207,13.859447479248047),(208,8.799458503723145),(209,13.799151420593262),(210,13.846748352050781),(211,16.127408981323242),(212,6.899575710296631),(213,14.015336990356445),(214,14.201226234436035),(215,14.099132537841797),(216,14.107532501220703),(217,13.799151420593262),(218,6.899575710296631),(219,9.375723838806152),(220,9.339426040649414),(221,13.799151420593262),(222,15.699034690856934),(223,6.899575710296631),(224,14.253923416137695),(225,13.799151420593262),(226,9.321825981140137),(227,27.511106491088867),(228,14.147930145263672),(229,6.899575710296631),(230,10.580249786376953),(231,13.908544540405273),(232,14.208125114440918),(233,9.285928726196289),(234,13.899144172668457),(235,15.132569313049316),(236,9.708602905273438),(237,14.177227020263672),(238,14.068634986877441),(239,13.899144172668457),(240,27.80599021911621),(241,14.148029327392578),(242,13.899144172668457),(243,11.238308906555176),(244,13.899144172668457),(245,11.204510688781738),(246,16.493684768676758),(247,13.899144172668457),(248,9.330925941467285),(249,13.899144172668457),(250,13.899144172668457),(251,6.899575710296631),(252,2.624638557434082),(253,13.899144172668457),(254,13.899144172668457),(255,10.499353408813477),(256,13.899144172668457),(257,13.899144172668457),(258,29.88526153564453),(259,10.51335334777832),(260,13.899144172668457),(261,10.499353408813477),(262,13.899144172668457),(263,10.499353408813477),(264,6.880176544189453),(265,2.127869129180908),(266,9.333426475524902),(267,10.499353408813477),(268,11.229509353637695),(269,9.29942798614502),(270,9.29942798614502),(271,10.499353408813477),(272,10.499353408813477),(273,9.29942798614502),(274,9.29942798614502),(275,9.29942798614502),(276,2.0998706817626953),(277,13.95604133605957),(278,13.999138832092285),(279,9.29942798614502),(280,9.29942798614502),(281,9.29942798614502),(282,2.1809659004211426),(283,13.899144172668457),(284,9.29942798614502),(285,2.135068655014038),(286,14.008538246154785),(287,13.899144172668457),(288,13.899144172668457),(289,23.19857406616211),(290,17.72930908203125),(291,4.0006537437438965),(292,13.999138832092285),(293,9.29942798614502),(294,9.29942798614502),(295,10.499353408813477),(296,10.499353408813477),(297,9.29942798614502),(298,10.499353408813477),(299,9.29942798614502),(300,9.29942798614502),(301,9.29942798614502),(302,9.29942798614502),(303,10.499353408813477),(304,9.29942798614502),(305,9.29942798614502),(306,2.135068655014038),(307,8.314488410949707),(308,9.29942798614502),(309,2.126469135284424),(310,14.171548843383789),(311,11.910967826843262),(312,9.29942798614502),(313,2.1258692741394043),(314,9.29942798614502),(315,12.403223037719727),(316,10.499353408813477),(317,9.29942798614502),(318,9.299428939819336),(319,12.052258491516113),(320,2.1414682865142822),(321,12.45300006866455),(322,10.300000190734863),(323,9.299428939819336),(324,9.29942798614502),(325,9.299428939819336),(326,13.85164737701416),(327,9.299428939819336),(328,9.299428939819336),(329,13.987839698791504),(330,13.987820625305176),(331,38.49763107299805),(332,20.77410125732422),(333,13.899999618530273),(334,13.899999618530273),(335,13.900026321411133),(336,13.900026321411133),(337,9.299428939819336),(338,9.618000030517578),(339,13.899999618530273),(340,12.565600395202637),(342,13.899999618530273),(343,13.900026321411133),(344,6.769800186157227),(345,5.538899898529053),(346,13.900026321411133),(347,13.900026321411133),(348,13.900026321411133),(349,12.44580078125),(350,13.900026321411133),(351,6.751399993896484),(353,6.7032999992370605),(354,14.265600204467773),(355,13.900026321411133),(356,9.245200157165527),(357,9.245185852050781),(358,11.308000564575195),(359,14.261500358581543),(360,22.228801727294922),(361,10.496899604797363),(362,13.899974822998047),(363,10.439199447631836),(364,12.529199600219727),(365,13.89996337890625),(366,16.023799896240234),(367,10.505399703979492),(368,9.257599830627441),(369,9.257612228393555),(370,9.257612228393555),(371,9.257612228393555),(372,10.427499771118164),(373,6.837500095367432),(374,11.991199493408203),(375,9.305500030517578),(376,9.305517196655273),(377,11.291900634765625),(378,25.03569984436035),(379,14.041099548339844),(380,2.2021000385284424),(381,12.395099639892578),(382,2.1214001178741455),(384,13.900026321411133),(385,13.900026321411133),(386,13.900026321411133),(387,13.900026321411133),(388,13.900026321411133),(389,44.960025787353516),(390,14.549071311950684),(391,9.248292922973633),(392,9.248292922973633),(393,12.386210441589355),(394,13.900026321411133),(395,4.365609645843506),(396,12.935282707214355),(397,9.29998779296875),(398,5.840529918670654),(399,15.721699714660645),(400,2.1788904666900635),(401,8.034102439880371),(402,9.257612228393555),(403,34.96909713745117),(404,13.900001525878906),(405,13.900026321411133),(406,13.900026321411133),(407,13.900026321411133),(408,14.100399017333984),(409,14.879899024963379),(410,11.296000480651855),(411,17.731599807739258),(412,13.736701965332031),(413,17.69059181213379),(414,5.846400260925293),(415,6.501199245452881),(416,9.712677001953125),(417,9.300000190734863),(418,9.300000190734863),(419,8.785026550292969),(420,9.109002113342285),(421,50.69999694824219),(422,4.289999485015869),(423,8.628823280334473),(424,4.799999713897705),(425,6.508400917053223),(426,9.107398986816406),(427,9.300000190734863),(428,12.034100532531738),(429,9.300000190734863),(430,2.1376960277557373),(431,8.800800323486328),(432,4.358099937438965),(433,16.72279930114746),(434,18.358699798583984),(435,17.69999885559082),(436,9.369999885559082),(437,9.734100341796875),(438,10),(439,46.20000076293945),(440,8.35770034790039),(441,13.191400527954102),(442,12.540000915527344),(443,5.28000020980835),(444,1.4356999397277832),(445,3.240100145339966),(446,10.60789966583252),(447,9.300000190734863),(448,9.463799476623535),(449,10.292099952697754),(450,9.300000190734863),(451,4.199999809265137),(452,9.201399803161621),(453,9.300000190734863),(454,14.75800609588623),(455,9.300000190734863),(456,5.5),(457,5.099999904632568),(458,8.45050048828125),(459,11.349889755249023),(460,8.701601028442383),(461,9.276097297668457),(462,6.488399982452393),(463,4.787799835205078),(464,40.43000030517578),(465,9.263800621032715),(466,10.907798767089844),(467,9.300000190734863),(468,4.383000373840332),(469,6.65530252456665),(470,4.793087005615234),(471,8.699997901916504),(472,9.09999942779541),(473,10.266800880432129),(474,4.200000286102295),(475,9.138900756835938),(476,10.106502532958984),(477,9.300000190734863),(478,1.0655003786087036),(479,9.3371000289917),(480,9.133899688720703),(481,9.719001770019531),(482,5.944199562072754),(483,4.793087005615234),(484,8.843400955200195),(485,4.790200233459473),(486,9.250000953674316),(487,13.870203018188477),(488,14.41189956665039),(489,4.77109956741333),(490,9.729198455810547),(491,9.73380184173584),(492,4.348800182342529),(493,4.797311782836914),(494,5.9907002449035645),(495,4.7276105880737305),(496,10.138973236083984),(497,8.979547500610352),(498,8.794857025146484),(499,9.249429702758789),(500,9.25),(501,10.13129997253418),(502,9.249970436096191),(503,13.899999618530273),(504,6.703623294830322),(505,10.149723052978516),(506,5.036600112915039),(507,13.502497673034668),(508,13.748047828674316),(509,13.816519737243652),(510,19.41690444946289),(511,9.948721885681152),(512,25.813589096069336),(513,17.98454475402832),(514,9.172677040100098),(515,12.144201278686523),(516,17.773601531982422),(517,9.67794418334961),(518,9.25),(519,5.049999713897705),(520,4.199999809265137),(521,9.25),(522,9.13154411315918),(523,18.014928817749023),(524,6),(525,11.934500694274902),(526,5.049999713897705),(527,10.392104148864746),(528,9.25),(529,4.199999809265137),(530,5.049999713897705),(531,10.199740409851074),(532,12.365458488464355),(533,9.123902320861816),(534,4.199999809265137),(535,9.25),(536,8.718500137329102),(537,4.199999809265137),(538,10.378199577331543),(539,4.199999809265137),(540,9.25),(541,4.199999809265137),(542,4.400000095367432),(543,4.199999809265137),(544,9.725299835205078),(545,13.742400169372559),(546,13.806500434875488),(547,12.605799674987793),(548,6.592700004577637),(549,9.25),(550,4.199999809265137),(551,12.405500411987305),(552,5.050000190734863),(553,18.454200744628906),(554,9.25),(555,4.199999809265137),(556,9.371999740600586),(557,4.199999809265137),(558,9.25),(559,9.25),(560,4.199999809265137),(561,4.361599922180176),(562,4.8516998291015625),(563,9.25),(564,13.899999618530273),(565,9.600000381469727),(566,9.800000190734863),(567,9.25),(568,4.400000095367432),(569,4.199999809265137),(570,2.1214001178741455),(571,4.904099941253662),(572,4.199999809265137),(573,9.25),(574,2.110300064086914),(575,4.808300018310547),(576,13.536700248718262),(577,5.050000190734863),(578,4.508999824523926),(579,9.25),(580,4.199999809265137),(581,13.420499801635742),(582,6.710249900817871),(583,7.002449989318848),(584,6.786300182342529),(585,6.786300182342529),(586,0.75),(587,6.753300189971924),(588,6.666500091552734),(589,13.446200370788574),(590,11.083600044250488),(591,6.7266998291015625),(592,6.788700103759766),(593,13.449999809265137),(594,7.059599876403809),(595,6.7266998291015625),(596,7.084000110626221),(597,15.94849967956543),(598,12.671500205993652),(599,6.7266998291015625),(600,4.496399879455566),(601,5.4532999992370605),(602,2.8875999450683594),(603,11.156999588012695),(604,13.449999809265137),(605,8.739700317382812),(606,13.449999809265137),(607,6.811999797821045),(608,7.991799831390381),(609,9.480199813842773),(610,9.480199813842773),(611,6.788700103759766),(612,6.7266998291015625),(613,11.083600044250488),(614,9.35830020904541),(615,6.716100215911865),(616,6.71999979019165),(617,13.869600296020508),(618,13.518699645996094),(620,20.1697998046875),(622,6.71999979019165),(623,8.72700023651123),(624,13.896900177001953),(625,11.09469985961914),(626,11.079999923706055),(627,6.71999979019165),(628,5.394000053405762),(629,6.71999979019165),(632,11.589400291442871),(633,11.083900451660156),(634,11.083900451660156),(635,1.8172999620437622),(636,28.603300094604492),(637,7.127500057220459),(638,11.09469985961914),(639,9.837900161743164),(641,20.208099365234375),(642,13.896900177001953),(643,6.788700103759766),(644,13.93809986114502),(645,13.51830005645752),(646,6.71999979019165),(647,11.09060001373291),(648,6.789999961853027),(649,11.554699897766113),(650,4.403900146484375),(651,11.119999885559082),(652,7.207200050354004),(653,4.400000095367432),(654,4.660399913787842),(655,6.71999979019165),(656,6.71999979019165),(657,9.479900360107422),(658,11.170000076293945),(659,6.820000171661377),(660,11.175299644470215),(661,14.430899620056152),(662,2.6821000576019287),(663,2.8826000690460205),(664,11.119999885559082),(665,41),(666,11.358799934387207),(667,12.630000114440918),(668,6.71999979019165),(669,6.789999961853027),(670,6.71999979019165),(671,4.400000095367432),(672,11.100000381469727),(673,8.800000190734863),(674,11.100000381469727),(675,9.480199813842773),(676,38.43389892578125),(677,11.100000381469727),(678,11.100000381469727),(679,11.100000381469727),(680,11.079999923706055),(681,6.71999979019165),(682,14.173299789428711),(683,13.882800102233887),(684,13.510000228881836),(685,11.100000381469727),(686,13.95930004119873),(687,6.914100170135498),(688,7.137599945068359),(689,11.079999923706055),(690,13.841400146484375),(691,9.479999542236328),(692,13.649800300598145),(693,9.72819995880127),(694,6.71999979019165),(695,22.989999771118164),(696,5.626699924468994),(697,3.79229998588562),(698,11.100000381469727),(699,11.100000381469727),(700,6.71999979019165),(701,6.799600124359131),(702,13.83240032196045),(703,6.78000020980835),(704,9.479999542236328),(705,11.366000175476074),(706,8.681599617004395),(707,28.018299102783203),(708,9.479999542236328),(709,11.079999923706055),(710,4.400000095367432),(711,13.479000091552734),(712,6.78000020980835),(713,6.71999979019165),(714,11.211400032043457),(715,6.71999979019165),(716,11.086299896240234),(717,11.770400047302246),(718,11.079999923706055),(719,11.788200378417969),(720,8.753600120544434),(721,11.079999923706055),(722,13.54520034790039),(723,9.729999542236328),(724,9.729999542236328),(725,6.263500213623047),(726,11.779999732971191),(727,11.079999923706055),(728,8.75),(729,15.484100341796875),(730,11.079999923706055),(731,11.079999923706055),(732,9.971099853515625),(733,13.507800102233887),(734,8.259499549865723),(735,11.079999923706055),(736,11.706999778747559),(737,11.079999923706055),(738,5.726799964904785),(739,8.20460033416748),(740,11.079999923706055),(741,11.821999549865723),(745,11.079999923706055),(746,11.033499717712402),(747,11.079999923706055),(748,11.358599662780762),(749,8.75),(750,11.079999923706055),(751,13.363200187683105),(752,3.4946000576019287),(753,9.970000267028809),(754,11.079999923706055),(755,11.029999732971191),(756,11.369999885559082),(757,9.479999542236328),(758,9.5),(759,11.029999732971191),(760,11.079999923706055),(761,11.029999732971191),(762,4.400000095367432),(763,4.786200046539307),(764,6.689899921417236),(765,11.079999923706055),(766,9.479999542236328),(767,7.521200180053711),(768,11.029999732971191),(769,11.079999923706055),(770,11.510000228881836),(771,4.380000114440918),(772,4.400000095367432),(773,6.651299953460693),(774,11.029999732971191),(775,11.079999923706055),(776,6.650000095367432),(777,11.369999885559082),(778,11.029999732971191),(779,13.359999656677246),(780,9.479999542236328),(781,6.686299800872803),(782,11.079999923706055),(783,13.359999656677246),(784,6.650000095367432),(785,9.479999542236328),(786,9.479999542236328),(787,13.359999656677246),(788,9.479999542236328),(789,11.369999885559082),(790,6.650000095367432),(791,11.079999923706055),(792,11.029999732971191),(793,11.083999633789062),(794,11.510000228881836),(795,11.369999885559082),(796,11.029999732971191),(797,13.467900276184082),(798,4.400000095367432),(799,6.650000095367432),(800,13.359999656677246),(801,2.579699993133545),(802,6.66480016708374),(803,13.425600051879883),(804,10.035900115966797),(805,9.479999542236328),(806,11.100000381469727),(807,11.079999923706055),(808,13.430000305175781),(809,13.946000099182129),(810,6.7052998542785645),(811,13.430000305175781),(812,4.400000095367432),(813,11.029999732971191),(814,11.029999732971191),(815,13.829999923706055),(816,6.813399791717529),(817,11.369999885559082),(818,11.029999732971191),(819,6.650000095367432),(820,11.574899673461914),(821,8.920299530029297),(822,13.430000305175781),(823,11.510000228881836),(824,9.479999542236328),(825,38.919498443603516),(826,4.369800090789795),(827,8.763099670410156),(828,11.101900100708008),(829,6.71999979019165),(830,7.2993998527526855),(831,11.100000381469727),(832,11.029999732971191),(833,6.650000095367432),(834,13.946000099182129),(835,11.029999732971191),(836,9.970000267028809),(837,9.479999542236328),(838,11.100000381469727),(840,3.9010000228881836),(841,8.760000228881836),(842,7.435100078582764),(843,11.100000381469727),(844,11.029999732971191),(845,11.100000381469727),(846,11.100000381469727),(847,11.100000381469727),(848,11.029999732971191),(849,13.949999809265137),(850,6.594200134277344),(851,11.029999732971191),(852,13.380800247192383),(853,2.4518001079559326),(854,14.007499694824219),(855,13.380000114440918),(856,6.650000095367432),(857,32.34230041503906),(858,11.100000381469727),(859,11.029999732971191),(860,13.380000114440918),(861,14),(862,14.223799705505371),(863,14.251799583435059),(864,13.380000114440918),(865,13.810799598693848),(866,13.380000114440918),(867,13.380000114440918),(868,13.380000114440918),(869,13.949999809265137),(870,13.380000114440918),(871,13.380000114440918),(872,14),(873,3.086899995803833),(874,14.259699821472168),(875,13.432600021362305),(876,2.5552000999450684),(877,13.380000114440918),(878,14),(879,13.949999809265137),(880,13.380000114440918),(881,13.380000114440918),(882,13.380000114440918),(883,14.05739974975586),(884,13.380000114440918),(885,17.540000915527344),(886,12.739999771118164),(887,13.844099998474121),(888,13.84000015258789),(889,13.380000114440918),(890,13.380000114440918),(891,14.0600004196167),(892,13.84000015258789),(893,13.84000015258789),(894,13.380000114440918),(895,13.84000015258789),(896,13.84000015258789),(897,13.84000015258789),(898,13.84000015258789),(899,13.380000114440918),(900,13.84000015258789),(901,13.84000015258789),(902,13.84000015258789),(903,2.3907999992370605),(904,13.84000015258789),(905,13.84000015258789),(906,13.32289981842041),(907,13.84000015258789),(908,4.214099884033203),(909,13.84000015258789),(910,13.675399780273438),(911,7.4008002281188965),(912,50.83000183105469),(913,14.788100242614746),(914,13.84000015258789),(915,13.84000015258789),(916,6.745800018310547),(917,13.857000350952148),(918,13.84000015258789),(919,13.84000015258789),(920,13.949999809265137),(921,10.994199752807617),(922,13.84000015258789),(923,13.84000015258789),(924,13.84000015258789),(925,13.84000015258789),(926,13.84000015258789),(927,13.84000015258789),(928,13.84000015258789),(929,13.84000015258789),(930,13.84000015258789),(931,13.84000015258789),(932,13.84000015258789),(933,19.90999984741211),(934,13.84000015258789),(935,13.84000015258789),(936,13.84000015258789),(937,13.84000015258789),(938,13.84000015258789),(939,13.84000015258789),(940,11.73490047454834),(941,14.280699729919434),(942,13.84000015258789),(943,13.84000015258789),(944,3.9382998943328857),(945,13.84000015258789),(946,13.84000015258789),(947,2.446199893951416),(948,2.446199893951416),(949,7.776299953460693),(957,4.0358),(959,12.3997),(961,24.4441),(964,14.0975),(965,14.037),(971,15.3085),(993,12.8632),(1002,11.4314),(1009,13.7598),(1016,14.2278),(1019,16.9769),(1020,3.3694),(1030,2.6173),(1031,8.1779),(1033,9.7093),(1046,23.4865),(1049,4.6847),(1060,32.079),(1071,33.6),(1075,16.9811),(1080,7.3896),(1081,14.7175),(1082,40.4577),(1084,9.7093),(1091,25.14),(1095,15.0603),(1103,1.1314),(1104,2.0011),(1105,4.1019),(1108,43.4),(1109,13.7038),(1118,43.4),(1120,36.1215),(1122,7.1577),(1129,67.1),(1130,32.82),(1142,54.5),(1143,11.35),(1144,92.3),(1145,54),(1146,25.9),(1147,61.2),(1151,7.4046),(1174,4.1275);
/*!40000 ALTER TABLE `activity_non_route_distances` ENABLE KEYS */;
UNLOCK TABLES;

--
-- Table structure for table `activity_routes`
--

DROP TABLE IF EXISTS `activity_routes`;
/*!40101 SET @saved_cs_client     = @@character_set_client */;
/*!40101 SET character_set_client = utf8 */;
CREATE TABLE `activity_routes` (
  `activity_id` int(11) NOT NULL,
  `route_id` int(11) NOT NULL,
  PRIMARY KEY (`activity_id`),
  KEY `PK_ride_routes_routes` (`route_id`),
  CONSTRAINT `PK_ride_routes_rides` FOREIGN KEY (`activity_id`) REFERENCES `activities` (`activity_id`),
  CONSTRAINT `PK_ride_routes_routes` FOREIGN KEY (`route_id`) REFERENCES `routes` (`route_id`)
) ENGINE=InnoDB DEFAULT CHARSET=utf8;
/*!40101 SET character_set_client = @saved_cs_client */;

--
-- Dumping data for table `activity_routes`
--

LOCK TABLES `activity_routes` WRITE;
/*!40000 ALTER TABLE `activity_routes` DISABLE KEYS */;
INSERT INTO `activity_routes` VALUES (953,1),(954,1),(955,1),(956,1),(958,1),(960,1),(962,1),(963,1),(965,1),(966,1),(967,1),(968,1),(969,1),(970,1),(971,1),(972,1),(973,1),(975,1),(976,1),(977,1),(980,1),(981,1),(986,1),(987,1),(988,1),(989,1),(990,1),(991,1),(992,1),(993,1),(994,1),(995,1),(997,1),(998,1),(999,1),(1000,1),(1001,1),(1002,1),(1004,1),(1005,1),(1007,1),(1008,1),(1009,1),(1010,1),(1011,1),(1012,1),(1013,1),(1014,1),(1017,1),(1021,1),(1022,1),(1023,1),(1024,1),(1025,1),(1026,1),(1027,1),(1028,1),(1029,1),(1032,1),(1034,1),(1035,1),(1036,1),(1037,1),(1038,1),(1039,1),(1044,1),(1047,1),(1053,1),(1054,1),(1055,1),(1056,1),(1057,1),(1058,1),(1059,1),(1061,1),(1064,1),(1065,1),(1066,1),(1067,1),(1068,1),(1069,1),(1070,1),(1072,1),(1073,1),(1083,1),(1085,1),(1086,1),(1087,1),(1088,1),(1089,1),(1090,1),(1092,1),(1093,1),(1094,1),(1098,1),(1099,1),(1100,1),(1106,1),(1107,1),(1109,1),(1110,1),(1111,1),(1112,1),(1113,1),(1114,1),(1116,1),(1117,1),(1119,1),(1123,1),(1124,1),(1125,1),(1126,1),(1127,1),(1128,1),(1131,1),(1134,1),(1135,1),(1136,1),(1137,1),(1140,1),(1141,1),(1150,1),(1154,1),(1156,1),(1157,1),(1160,1),(1161,1),(1162,1),(1163,1),(1164,1),(1165,1),(1166,1),(1167,1),(1169,1),(1171,1),(1172,1),(1173,1),(1175,1),(951,2),(1045,2),(952,3),(964,3),(1048,3),(1155,3),(974,4),(978,5),(983,5),(984,5),(996,5),(1003,5),(1006,5),(1040,5),(1042,5),(1051,5),(1052,5),(1062,5),(1077,5),(1096,5),(1102,5),(1115,5),(1121,5),(1132,5),(1138,5),(1148,5),(1151,5),(1158,5),(1168,5),(979,6),(982,6),(985,6),(1041,6),(1043,6),(1078,6),(1097,6),(1101,6),(1133,6),(1139,6),(1149,6),(1159,6),(1170,6),(1016,7),(1060,8),(1063,8),(1074,9),(1075,9),(1076,9),(1079,9);
/*!40000 ALTER TABLE `activity_routes` ENABLE KEYS */;
UNLOCK TABLES;

--
-- Table structure for table `activity_types`
--

DROP TABLE IF EXISTS `activity_types`;
/*!40101 SET @saved_cs_client     = @@character_set_client */;
/*!40101 SET character_set_client = utf8 */;
CREATE TABLE `activity_types` (
  `activity_type_id` int(11) NOT NULL AUTO_INCREMENT,
  `activity_type` varchar(256) NOT NULL,
  PRIMARY KEY (`activity_type_id`)
) ENGINE=InnoDB AUTO_INCREMENT=3 DEFAULT CHARSET=utf8;
/*!40101 SET character_set_client = @saved_cs_client */;

--
-- Dumping data for table `activity_types`
--

LOCK TABLES `activity_types` WRITE;
/*!40000 ALTER TABLE `activity_types` DISABLE KEYS */;
INSERT INTO `activity_types` VALUES (1,'Running'),(2,'Bicycling');
/*!40000 ALTER TABLE `activity_types` ENABLE KEYS */;
UNLOCK TABLES;

--
-- Table structure for table `equipment`
--

DROP TABLE IF EXISTS `equipment`;
/*!40101 SET @saved_cs_client     = @@character_set_client */;
/*!40101 SET character_set_client = utf8 */;
CREATE TABLE `equipment` (
  `equipment_id` int(11) NOT NULL AUTO_INCREMENT,
  `equipment_model_id` int(11) NOT NULL,
  `model_year` year(4) NOT NULL,
  `cost` decimal(9,2) NOT NULL,
  `purchase_date` date NOT NULL,
  PRIMARY KEY (`equipment_id`),
  KEY `fk_bicycles_models` (`equipment_model_id`),
  CONSTRAINT `fk_equipment_equipment_models` FOREIGN KEY (`equipment_model_id`) REFERENCES `equipment_models` (`equipment_model_id`)
) ENGINE=InnoDB AUTO_INCREMENT=4 DEFAULT CHARSET=utf8 COLLATE=utf8_unicode_ci;
/*!40101 SET character_set_client = @saved_cs_client */;

--
-- Dumping data for table `equipment`
--

LOCK TABLES `equipment` WRITE;
/*!40000 ALTER TABLE `equipment` DISABLE KEYS */;
INSERT INTO `equipment` VALUES (1,1,1991,0.00,'2006-09-01'),(2,2,2011,1099.00,'2010-11-15'),(3,3,1980,150.00,'2009-11-22');
/*!40000 ALTER TABLE `equipment` ENABLE KEYS */;
UNLOCK TABLES;

--
-- Table structure for table `equipment_labels`
--

DROP TABLE IF EXISTS `equipment_labels`;
/*!40101 SET @saved_cs_client     = @@character_set_client */;
/*!40101 SET character_set_client = utf8 */;
CREATE TABLE `equipment_labels` (
  `equipment_id` int(11) NOT NULL,
  `equipment_label` varchar(256) NOT NULL,
  PRIMARY KEY (`equipment_id`),
  CONSTRAINT `fk_equipment_labels_equipment` FOREIGN KEY (`equipment_id`) REFERENCES `equipment` (`equipment_id`)
) ENGINE=InnoDB DEFAULT CHARSET=utf8;
/*!40101 SET character_set_client = @saved_cs_client */;

--
-- Dumping data for table `equipment_labels`
--

LOCK TABLES `equipment_labels` WRITE;
/*!40000 ALTER TABLE `equipment_labels` DISABLE KEYS */;
INSERT INTO `equipment_labels` VALUES (1,'Black Beauty'),(2,'Surly'),(3,'Univega');
/*!40000 ALTER TABLE `equipment_labels` ENABLE KEYS */;
UNLOCK TABLES;

--
-- Table structure for table `equipment_models`
--

DROP TABLE IF EXISTS `equipment_models`;
/*!40101 SET @saved_cs_client     = @@character_set_client */;
/*!40101 SET character_set_client = utf8 */;
CREATE TABLE `equipment_models` (
  `equipment_model_id` int(11) NOT NULL AUTO_INCREMENT,
  `equipment_type_id` int(11) NOT NULL,
  `equipment_model` varchar(256) NOT NULL,
  `manufacturer_id` int(11) NOT NULL,
  PRIMARY KEY (`equipment_model_id`),
  UNIQUE KEY `UQ_models` (`equipment_model`,`manufacturer_id`),
  KEY `fk_models_manufacturers` (`manufacturer_id`),
  KEY `fk_equipment_models_1_idx` (`equipment_type_id`),
  CONSTRAINT `fk_equipment_equipment_types` FOREIGN KEY (`equipment_type_id`) REFERENCES `equipment_types` (`equipment_type_id`),
  CONSTRAINT `fk_equipment_manufacturers` FOREIGN KEY (`manufacturer_id`) REFERENCES `manufacturers` (`manufacturer_id`)
) ENGINE=InnoDB AUTO_INCREMENT=4 DEFAULT CHARSET=utf8;
/*!40101 SET character_set_client = @saved_cs_client */;

--
-- Dumping data for table `equipment_models`
--

LOCK TABLES `equipment_models` WRITE;
/*!40000 ALTER TABLE `equipment_models` DISABLE KEYS */;
INSERT INTO `equipment_models` VALUES (1,2,'Allez',2),(2,2,'Cross-Check',3),(3,2,'Shitty',5);
/*!40000 ALTER TABLE `equipment_models` ENABLE KEYS */;
UNLOCK TABLES;

--
-- Table structure for table `equipment_types`
--

DROP TABLE IF EXISTS `equipment_types`;
/*!40101 SET @saved_cs_client     = @@character_set_client */;
/*!40101 SET character_set_client = utf8 */;
CREATE TABLE `equipment_types` (
  `equipment_type_id` int(11) NOT NULL AUTO_INCREMENT,
  `equipment_type` varchar(256) NOT NULL,
  PRIMARY KEY (`equipment_type_id`)
) ENGINE=InnoDB AUTO_INCREMENT=3 DEFAULT CHARSET=utf8;
/*!40101 SET character_set_client = @saved_cs_client */;

--
-- Dumping data for table `equipment_types`
--

LOCK TABLES `equipment_types` WRITE;
/*!40000 ALTER TABLE `equipment_types` DISABLE KEYS */;
INSERT INTO `equipment_types` VALUES (1,'Shoe'),(2,'Bicycle');
/*!40000 ALTER TABLE `equipment_types` ENABLE KEYS */;
UNLOCK TABLES;

--
-- Table structure for table `manufacturers`
--

DROP TABLE IF EXISTS `manufacturers`;
/*!40101 SET @saved_cs_client     = @@character_set_client */;
/*!40101 SET character_set_client = utf8 */;
CREATE TABLE `manufacturers` (
  `manufacturer_id` int(11) NOT NULL AUTO_INCREMENT,
  `manufacturer` varchar(256) NOT NULL,
  PRIMARY KEY (`manufacturer_id`),
  UNIQUE KEY `manufacturer_UNIQUE` (`manufacturer`)
) ENGINE=InnoDB AUTO_INCREMENT=6 DEFAULT CHARSET=utf8;
/*!40101 SET character_set_client = @saved_cs_client */;

--
-- Dumping data for table `manufacturers`
--

LOCK TABLES `manufacturers` WRITE;
/*!40000 ALTER TABLE `manufacturers` DISABLE KEYS */;
INSERT INTO `manufacturers` VALUES (4,'Bianchi'),(1,'Kona'),(2,'Specialized'),(3,'Surly'),(5,'Univega');
/*!40000 ALTER TABLE `manufacturers` ENABLE KEYS */;
UNLOCK TABLES;

--
-- Table structure for table `routes`
--

DROP TABLE IF EXISTS `routes`;
/*!40101 SET @saved_cs_client     = @@character_set_client */;
/*!40101 SET character_set_client = utf8 */;
CREATE TABLE `routes` (
  `route_id` int(11) NOT NULL AUTO_INCREMENT,
  `route` varchar(256) CHARACTER SET utf8 NOT NULL,
  `distance_miles` double NOT NULL,
  PRIMARY KEY (`route_id`)
) ENGINE=InnoDB AUTO_INCREMENT=10 DEFAULT CHARSET=utf8;
/*!40101 SET character_set_client = @saved_cs_client */;

--
-- Dumping data for table `routes`
--

LOCK TABLES `routes` WRITE;
/*!40000 ALTER TABLE `routes` DISABLE KEYS */;
INSERT INTO `routes` VALUES (1,'Commute',13.84),(2,'Safeway',2.4462),(3,'Home -> Work -> Fred\'s -> Home',14),(4,'Home -> Fred\'s -> Work -> Fred\'s -> Home',14.173299789428711),(5,'Home -> Work',6.7214),(6,'Work -> Home',6.7026),(7,'Home -> Work -> Foot Traffic -> Fred\'s -> Home',14.1297),(8,'Boring',32.079),(9,'Springwater Commute',17.1105);
/*!40000 ALTER TABLE `routes` ENABLE KEYS */;
UNLOCK TABLES;
/*!40103 SET TIME_ZONE=@OLD_TIME_ZONE */;

/*!40101 SET SQL_MODE=@OLD_SQL_MODE */;
/*!40014 SET FOREIGN_KEY_CHECKS=@OLD_FOREIGN_KEY_CHECKS */;
/*!40014 SET UNIQUE_CHECKS=@OLD_UNIQUE_CHECKS */;
/*!40101 SET CHARACTER_SET_CLIENT=@OLD_CHARACTER_SET_CLIENT */;
/*!40101 SET CHARACTER_SET_RESULTS=@OLD_CHARACTER_SET_RESULTS */;
/*!40101 SET COLLATION_CONNECTION=@OLD_COLLATION_CONNECTION */;
/*!40111 SET SQL_NOTES=@OLD_SQL_NOTES */;

-- Dump completed on 2020-01-01 18:56:01
